<?xml version="1.0" encoding="UTF-8"?><rss version="2.0"
	xmlns:content="http://purl.org/rss/1.0/modules/content/"
	xmlns:wfw="http://wellformedweb.org/CommentAPI/"
	xmlns:dc="http://purl.org/dc/elements/1.1/"
	xmlns:atom="http://www.w3.org/2005/Atom"
	xmlns:sy="http://purl.org/rss/1.0/modules/syndication/"
	xmlns:slash="http://purl.org/rss/1.0/modules/slash/"
	>

<channel>
	<title>Chinese (中文) &#8211; Eternal Center</title>
	<atom:link href="./index.html" rel="self" type="application/rss+xml" />
	<link>./../../../index.html</link>
	<description></description>
	<lastBuildDate>Fri, 09 Sep 2022 09:42:26 +0000</lastBuildDate>
	<language>en-US</language>
	<sy:updatePeriod>
	hourly	</sy:updatePeriod>
	<sy:updateFrequency>
	1	</sy:updateFrequency>
	
	<item>
		<title>[内容] Linux 密码文件 /etc/shadow 的介绍 （显示用户密码相关的策略）</title>
		<link>./../../../etc-shadow/index.html</link>
		
		<dc:creator><![CDATA[Mingyu Zhu]]></dc:creator>
		<pubDate>Fri, 09 Sep 2022 09:40:25 +0000</pubDate>
				<category><![CDATA[Chinese (中文)]]></category>
		<category><![CDATA[System (系统)]]></category>
		<category><![CDATA[System Login Security (系统登录安全)]]></category>
		<category><![CDATA[System Network & System Security & System Log (系统网络 & 系统安全 & 系统日志)]]></category>
		<category><![CDATA[System Operation & System Setting & System Software (系统操作 & 系统设置 & 系统软件)]]></category>
		<category><![CDATA[System Security (系统安全)]]></category>
		<category><![CDATA[System Setting (系统设置)]]></category>
		<guid isPermaLink="false">./../../../index.html?p=28282</guid>

					<description><![CDATA[内容一：/etc/shadow 文件的简介 1) /etc/shadow 文件存储着用户的密码和与之相关的信息2) /etc/shadow 文件以冒号 “:” 作为分隔符，分类 8 段 内容二：/etc/shadow 文件的作用 2.1 第 1 段内容：用户名 /etc/shadow 文件的第 1 段存储的是用户名，和 /etc/passwd 文件中的用户名是一一对应的 2.2 第 2 段内容：密码 2.2.1 内容的含义 1) 如果是奇怪的字符串则代表是加密过的密码，格式是 $id$salt$hashed，其中 $id 是指加密算法。如果字符串：以 $1$ 开头则代表是用 MD5 加密，以 $2a$ 开头则代表是用 Blowfish 加密，以 $2y$ 开头则代表是用另一种算法长度的 Blowfish 加密，以 $5$ 开头则代表是用 SHA-256 加密，以 $6$ 开头则代表是用 SHA-512 加密2) 如果是 &#8230; <p class="link-more"><a href="./../../../etc-shadow/index.html" class="more-link">Continue reading<span class="screen-reader-text"> "[内容] Linux 密码文件 /etc/shadow 的介绍 （显示用户密码相关的策略）"</span></a></p>]]></description>
										<content:encoded><![CDATA[
<h3>内容一：/etc/shadow 文件的简介</h3>



<p>1) /etc/shadow 文件存储着用户的密码和与之相关的信息<br>2) /etc/shadow 文件以冒号 “:” 作为分隔符，分类 8 段</p>



<h3>内容二：/etc/shadow 文件的作用</h3>



<h4>2.1 第 1 段内容：用户名</h4>



<p>/etc/shadow 文件的第 1 段存储的是用户名，和 /etc/passwd 文件中的用户名是一一对应的</p>



<h4>2.2 第 2 段内容：密码</h4>



<h5>2.2.1 内容的含义</h5>



<p>1) 如果是奇怪的字符串则代表是加密过的密码，格式是 $id$salt$hashed，其中 $id 是指加密算法。如果字符串：以 $1$ 开头则代表是用 MD5 加密，以 $2a$ 开头则代表是用 Blowfish 加密，以 $2y$ 开头则代表是用另一种算法长度的 Blowfish 加密，以 $5$ 开头则代表是用 SHA-256 加密，以 $6$ 开头则代表是用 SHA-512 加密<br>2) 如果是 2 个感叹号 “!!” 则代表从来都没有设置过密码<br>3) 如果为空则代表没有设置密码<br>4) 如果是 1 个星号 “*” 则代表用户被锁定，但是其它登陆方式不受限制，例 SSH 登陆<br>5) 如果是 1 个感叹号 “!” 则代表用户被锁定，但是其它登陆方式不受限制，例 SSH 登陆<br>6) 如果以 1 个感叹号开头 “!” 则代表用户被锁定<br>7) 如果以 2 个感叹号开头 “!!” 则代表用户被锁定</p>



<h5>2.2.2 查看命令</h5>



<pre class="wp-block-code"><code># cut -d: -f1,7</code></pre>



<h5>2.2.3 修改命令</h5>



<pre class="wp-block-code"><code># passwd &lt;user&gt;</code></pre>



<h4>2.3 第 3 段内容：密码最后的修改日期</h4>



<h5>2.3.1 内容的含义</h5>



<p>密码最后修改的日期于 1970 年 1 月 1 日相距的天数</p>



<h5>2.3.2 查看命令</h5>



<pre class="wp-block-code"><code># egrep ^&#91;^:]+:&#91;^\!*] /etc/shadow | cut -d: -f1,3</code></pre>



<p>或者：</p>



<pre class="wp-block-code"><code># chage -l &lt;user&gt; | grep 'Last password change'</code></pre>



<h5>2.3.3 修改命令</h5>



<pre class="wp-block-code"><code># chage -d &lt;date&gt; &lt;user&gt;</code></pre>



<p>或者：</p>



<pre class="wp-block-code"><code># chage --lastday &lt;date&gt; &lt;user&gt;</code></pre>



<h4>2.4 第 4 段内容：修改密码最短天数间隔</h4>



<h5>2.4.1 内容的含义</h5>



<p>两次修改密码最短天数间隔</p>



<p>1) 如果是 0 则代表随时可以修改密码<br>2) 如果是 99999 则代表永远都不能修改密码</p>



<h5>2.4.2 查看命令</h5>



<pre class="wp-block-code"><code># egrep ^&#91;^:]+:&#91;^\!*] /etc/shadow | cut -d: -f1,4</code></pre>



<p>或者：</p>



<pre class="wp-block-code"><code># chage -l &lt;user&gt; | grep 'Minimum number of days between password change'</code></pre>



<h5>2.4.3 修改命令</h5>



<pre class="wp-block-code"><code># chage -m &lt;days&gt; &lt;user&gt;</code></pre>



<p>或者：</p>



<pre class="wp-block-code"><code># chage --mindays &lt;days&gt; &lt;user&gt;</code></pre>



<h4>2.5 第 5 段内容：密码过期的天数</h4>



<h5>2.5.1 内容的含义</h5>



<p>修改密码后过多少天会过期</p>



<p>1) 如果是 99999 则代表永远都不会过期<br>2) 如果密码只是过期但是没有失效的话，则可以使用过期的密码更改密码再使用新密码登陆，如果密码失效的话则此密码不能再使用</p>



<h5>2.5.2 查看命令</h5>



<pre class="wp-block-code"><code># egrep ^&#91;^:]+:&#91;^\!*] /etc/shadow | cut -d: -f1,5</code></pre>



<p>或者：</p>



<pre class="wp-block-code"><code># chage -l &lt;user&gt; | grep 'Maximum number of days between password change'</code></pre>



<h5>2.5.3 修改命令</h5>



<pre class="wp-block-code"><code># chage -M &lt;days&gt; &lt;user&gt;</code></pre>



<p>或者：</p>



<pre class="wp-block-code"><code># chage --maxdays &lt;days&gt; &lt;user&gt;</code></pre>



<h4>2.6 第 6 段内容：密码过期前提前多少天发出警告</h4>



<h5>2.6.1 内容的含义</h5>



<p>密码过期前，提前多少天发出警告</p>



<p>如果为空则代表不发出警告</p>



<h5>2.6.2 查看命令</h5>



<pre class="wp-block-code"><code># egrep ^&#91;^:]+:&#91;^\!*] /etc/shadow | cut -d: -f1,6</code></pre>



<p>或者：</p>



<pre class="wp-block-code"><code># chage -l &lt;user&gt; | grep 'Number of days of warning before password expires'</code></pre>



<h5>2.6.3 修改密码</h5>



<pre class="wp-block-code"><code># chage -W &lt;days&gt; &lt;user&gt;</code></pre>



<p>或者：</p>



<pre class="wp-block-code"><code># chage --warndays &lt;days&gt; &lt;user&gt;</code></pre>



<h4>2.7 第 7 段内容：密码失效的天数</h4>



<h5>2.7.1 内容的含义</h5>



<p>密码过期后过多少天会失效</p>



<p>1) 如果是 99999 则代表永远都不会失效<br>2) 如果密码只是过期但是没有失效的话，则可以使用过期的密码更改密码再使用新密码登陆，如果密码失效的话则此密码不能再使用</p>



<h5>2.7.2 查看命令</h5>



<pre class="wp-block-code"><code># egrep ^&#91;^:]+:&#91;^\!*] /etc/shadow | cut -d: -f1,7</code></pre>



<p>或者：</p>



<pre class="wp-block-code"><code># chage -l &lt;user&gt; | grep 'Password inactive'</code></pre>



<h5>2.7.3 修改密码</h5>



<pre class="wp-block-code"><code># chage -I &lt;days&gt; &lt;user&gt;</code></pre>



<p>或者：</p>



<pre class="wp-block-code"><code># chage --inactive &lt;days&gt; &lt;user&gt;</code></pre>



<h4>2.8 第 8 段内容：用户的失效日期</h4>



<h5>2.8.1 内容的含义</h5>



<p>用户的失效日期于 1970 年 1 月 1 日相距的天数</p>



<h5>2.8.2 查看命令</h5>



<pre class="wp-block-code"><code># egrep ^&#91;^:]+:&#91;^\!*] /etc/shadow | cut -d: -f1,8</code></pre>



<p>或者：</p>



<pre class="wp-block-code"><code># chage -l &lt;user&gt; | grep 'Account expires'</code></pre>



<h5>2.8.3 修改密码</h5>



<pre class="wp-block-code"><code># chage -E &lt;date&gt; &lt;user&gt;</code></pre>



<p>或者：</p>



<pre class="wp-block-code"><code># chage --expiredate &lt;date&gt; &lt;user&gt;</code></pre>



<h4>2.9 第 9 段内容：保留</h4>



<p>这是一个保留位，目前没有作用</p>
]]></content:encoded>
					
		
		
			</item>
		<item>
		<title>[排错] Linux 解决执行 service crond status 命令时，报错 “crond dead but pid file exists”</title>
		<link>./../../../debug-crond-dead-but-pid-file-exists/index.html</link>
		
		<dc:creator><![CDATA[Mingyu Zhu]]></dc:creator>
		<pubDate>Wed, 07 Sep 2022 13:28:06 +0000</pubDate>
				<category><![CDATA[Chinese (中文)]]></category>
		<category><![CDATA[System (系统)]]></category>
		<category><![CDATA[System Operation & System Setting & System Software (系统操作 & 系统设置 & 系统软件)]]></category>
		<category><![CDATA[System Setting (系统设置)]]></category>
		<guid isPermaLink="false">./../../../index.html?p=28199</guid>

					<description><![CDATA[报错代码： 解决方法： 步骤一：找到 crond.pid 文件 步骤二：删除 crond.pid 文件]]></description>
										<content:encoded><![CDATA[
<h2>报错代码：</h2>



<pre class="wp-block-code"><code>crond dead but pid file exists</code></pre>



<h2>解决方法：</h2>



<h3>步骤一：找到 crond.pid 文件</h3>



<pre class="wp-block-code"><code># find / -name cron*
/spool/anacron/cron.daily
/spool/anacron/cron.weekly
/spool/anacron/cron.monthly
/spool/cron
/lock/subsys/crond
/run/cron.reboot
/run/crond.pid</code></pre>



<h3>步骤二：删除 crond.pid 文件</h3>



<pre class="wp-block-code"><code># rm -rf crond.pid</code></pre>
]]></content:encoded>
					
		
		
			</item>
		<item>
		<title>[排错] 解决 Linux 执行 Shell 脚本时报错 “[: &#8230;&#8230;: unary operator expected”</title>
		<link>./../../../debug-unary-operator-expected/index.html</link>
		
		<dc:creator><![CDATA[Mingyu Zhu]]></dc:creator>
		<pubDate>Wed, 07 Sep 2022 12:58:33 +0000</pubDate>
				<category><![CDATA[Chinese (中文)]]></category>
		<category><![CDATA[Language (语言)]]></category>
		<category><![CDATA[Shell]]></category>
		<category><![CDATA[Shell Basic (基础)]]></category>
		<guid isPermaLink="false">./../../../index.html?p=28195</guid>

					<description><![CDATA[报错代码： 解决方法： 将以下内容修改为： 修改为：]]></description>
										<content:encoded><![CDATA[
<h2>报错代码：</h2>



<pre class="wp-block-code"><code>&#91;: ......: unary operator expected</code></pre>



<h2>解决方法：</h2>



<pre class="wp-block-code"><code># vim &lt;Shell Script&gt;</code></pre>



<p>将以下内容修改为：</p>



<pre class="wp-block-code"><code>......
if &#91;&#91; ...... ]]; 
......</code></pre>



<p>修改为：</p>



<pre class="wp-block-code"><code>......
if &#91;&#91; ...... ]]; 
......</code></pre>
]]></content:encoded>
					
		
		
			</item>
		<item>
		<title>[步骤] Linux SSH 加密算法的设置 (不使用来自 crypto policies 的系统全局 SSH 加密算法) (RHEL 8 版)</title>
		<link>./../../../ssh-encryption-algorithm-no-crypto-policies-rhel-8/index.html</link>
		
		<dc:creator><![CDATA[Mingyu Zhu]]></dc:creator>
		<pubDate>Mon, 29 Aug 2022 07:06:59 +0000</pubDate>
				<category><![CDATA[Chinese (中文)]]></category>
		<category><![CDATA[System (系统)]]></category>
		<category><![CDATA[System Login Security (系统登录安全)]]></category>
		<category><![CDATA[System Port Security (系统端口安全)]]></category>
		<category><![CDATA[System Security (系统安全)]]></category>
		<guid isPermaLink="false">./../../../index.html?p=27933</guid>

					<description><![CDATA[注意： RHEL 8 的 SSH 加密算法默认会使用来自 crypto policies 系统的全局 SSH 加密算法，而此方法将让 SSH 使用单独设置的 SSH 加密算法。 正文： 步骤一：启用 SSH 加密算法 1.1 备份 /etc/sysconfig/sshd 配置文件 1.2 修改 /etc/sysconfig/sshd 配置文件 将以下内容： 修改为： 步骤二：设置 SSH 的加密算法 2.1 在 /etc/crypto-policies/back-ends/opensshserver.config 配置文件中确认要使用的 SSH 加密算法属性 2.1.1 修改 /etc/crypto-policies/back-ends/opensshserver.config 配置文件 添加需要使用的 SSH 加密算法属性： （内容略） （注意：如果需要使用的 SSH 加密算法已包含在其中了则可以不用添加） 2.1.2 显示目前正在被使用的 SSH 加密算法 （补充：这里以显示 RHEL8 &#8230; <p class="link-more"><a href="./../../../ssh-encryption-algorithm-no-crypto-policies-rhel-8/index.html" class="more-link">Continue reading<span class="screen-reader-text"> "[步骤] Linux SSH 加密算法的设置 (不使用来自 crypto policies 的系统全局 SSH 加密算法) (RHEL 8 版)"</span></a></p>]]></description>
										<content:encoded><![CDATA[
<h2>注意：</h2>



<p>RHEL 8 的 SSH 加密算法默认会使用来自 crypto policies 系统的全局 SSH 加密算法，而此方法将让 SSH 使用单独设置的 SSH 加密算法。</p>



<h2>正文：</h2>



<h3>步骤一：启用 SSH 加密算法</h3>



<h4>1.1 备份 /etc/sysconfig/sshd 配置文件</h4>



<pre class="wp-block-code"><code># cp /etc/sysconfig/sshd /etc/sysconfig/sshd_backup</code></pre>



<h4>1.2 修改 /etc/sysconfig/sshd 配置文件</h4>



<pre class="wp-block-code"><code># vim /etc/sysconfig/sshd</code></pre>



<p>将以下内容：</p>



<pre class="wp-block-code"><code># CRYPTO_POLICY=</code></pre>



<p>修改为：</p>



<pre class="wp-block-code"><code>CRYPTO_POLICY=</code></pre>



<h3>步骤二：设置 SSH 的加密算法</h3>



<h4>2.1 在 /etc/crypto-policies/back-ends/opensshserver.config 配置文件中确认要使用的 SSH 加密算法属性</h4>



<h5>2.1.1 修改 /etc/crypto-policies/back-ends/opensshserver.config 配置文件</h5>



<pre class="wp-block-code"><code># vim /etc/crypto-policies/back-ends/opensshserver.config</code></pre>



<p>添加需要使用的 SSH 加密算法属性：</p>



<p>（内容略）</p>



<p>（注意：如果需要使用的 SSH 加密算法已包含在其中了则可以不用添加）</p>



<h5>2.1.2 显示目前正在被使用的 SSH 加密算法</h5>



<pre class="wp-block-code"><code># printf "%s\n" $(source /etc/crypto-policies/back-ends/opensshserver.config; echo $CRYPTO_POLICY) | cut -c3-
Ciphers=aes256-gcm@openssh.com,chacha20-poly1305@openssh.com,aes256-ctr,aes256-cbc,aes128-gcm@openssh.com,aes128-ctr,aes128-cbc
MACs=hmac-sha2-256-etm@openssh.com,hmac-sha1-etm@openssh.com,umac-128-etm@openssh.com,hmac-sha2-512-etm@openssh.com,hmac-sha2-256,hmac-sha1,umac-128@openssh.com,hmac-sha2-512
GSSAPIKexAlgorithms=gss-curve25519-sha256-,gss-nistp256-sha256-,gss-group14-sha256-,gss-group16-sha512-,gss-gex-sha1-,gss-group14-sha1-
KexAlgorithms=curve25519-sha256,curve25519-sha256@libssh.org,ecdh-sha2-nistp256,ecdh-sha2-nistp384,ecdh-sha2-nistp521,diffie-hellman-group-exchange-sha256,diffie-hellman-group14-sha256,diffie-hellman-group16-sha512,diffie-hellman-group18-sha512,diffie-hellman-group-exchange-sha1,diffie-hellman-group14-sha1
HostKeyAlgorithms=ecdsa-sha2-nistp256,ecdsa-sha2-nistp256-cert-v01@openssh.com,ecdsa-sha2-nistp384,ecdsa-sha2-nistp384-cert-v01@openssh.com,ecdsa-sha2-nistp521,ecdsa-sha2-nistp521-cert-v01@openssh.com,ssh-ed25519,ssh-ed25519-cert-v01@openssh.com,rsa-sha2-256,rsa-sha2-256-cert-v01@openssh.com,rsa-sha2-512,rsa-sha2-512-cert-v01@openssh.com,ssh-rsa,ssh-rsa-cert-v01@openssh.com
PubkeyAcceptedKeyTypes=ecdsa-sha2-nistp256,ecdsa-sha2-nistp256-cert-v01@openssh.com,ecdsa-sha2-nistp384,ecdsa-sha2-nistp384-cert-v01@openssh.com,ecdsa-sha2-nistp521,ecdsa-sha2-nistp521-cert-v01@openssh.com,ssh-ed25519,ssh-ed25519-cert-v01@openssh.com,rsa-sha2-256,rsa-sha2-256-cert-v01@openssh.com,rsa-sha2-512,rsa-sha2-512-cert-v01@openssh.com,ssh-rsa,ssh-rsa-cert-v01@openssh.com
CASignatureAlgorithms=ecdsa-sha2-nistp256,ecdsa-sha2-nistp384,ecdsa-sha2-nistp521,ssh-ed25519,rsa-sha2-256,rsa-sha2-512,ssh-rsa</code></pre>



<p>（补充：这里以显示 RHEL8 默认使用的 SSH 加密算法为例）</p>



<h4>2.2 在 /etc/ssh/sshd_config 配置文件中设置要使用的 SSH 加密算法</h4>



<h5>2.2.1 备份 /etc/ssh/sshd_config 配置文件</h5>



<pre class="wp-block-code"><code># cp /etc/ssh/sshd_config /etc/ssh/sshd_config_backup</code></pre>



<h5>2.2.2 在 /etc/ssh/sshd_config 配置文件中添加要使用的 SSH 加密算法</h5>



<pre class="wp-block-code"><code># vim /etc/ssh/sshd_config</code></pre>



<p>添加以下内容：</p>



<pre class="wp-block-code"><code>......
Ciphers aes256-ctr,aes192-ctr,aes128-ctr
MACs hmac-sha2-512,hmac-sha2-256
KexAlgorithms ecdh-sha2-nistp521,ecdh-sha2-nistp384,ecdh-sha2-nistp256,diffie-hellman-group-exchange-sha256</code></pre>



<p>（<br>补充：这里以使用：<br>1) aes256-ctr、aes192-ctr 和 aes128-ctr SSH Ciphers 加密算法<br>2) hmac-sha2-512 和 hmac-sha2-256 SSH MACs 加密算法<br>3) ecdh-sha2-nistp521、ecdh-sha2-nistp384、ecdh-sha2-nistp256 和 diffie-hellman-group-exchange-sha256 SSH KexAlgorithms 加密算法<br>为例<br>）</p>



<h5>2.2.3 让在 /etc/ssh/sshd_config 配置文件中添加要使用的 SSH 加密算法生效</h5>



<pre class="wp-block-code"><code># systemctl restart sshd</code></pre>



<h3>步骤三：测试 SSH 加密算法</h3>



<h4>3.1 测试 SSH Ciphers 加密算法</h4>



<h5>3.1.1 测试某个 SSH Ciphers 加密算法</h5>



<pre class="wp-block-code"><code># ssh -vv -oCiphers=3des-cbc -oPort=22 192.168.0.1</code></pre>



<p>（补充：这里以测试 IP 地址是 192.168.0.1，端口号是 22，有没有启用 3des-cbc SSH Ciphers 加密算法为例）</p>



<h5>3.1.2 测试多个 SSH Ciphers 加密算法</h5>



<pre class="wp-block-code"><code># ssh -vv -oCiphers=3des-cbc,aes128-cbc,aes192-cbc,aes256-cbc -oPort=22 192.168.0.1</code></pre>



<p>（补充：这里以测试 IP 地址是 192.168.0.1，端口号是 22，有没有启用 3des-cbc、aes128-cbc、aes192-cbc 和 aes256-cbc SSH Ciphers 加密算法为例）</p>



<h4>3.2 测试 SSH MACs 加密算法</h4>



<h5>3.2.1 测试某个 SSH Ciphers 加密算法</h5>



<pre class="wp-block-code"><code># ssh -vv -oMACs=hmac-md5 -oPort=22 192.168.0.1</code></pre>



<p>（补充：这里以测试 IP 地址是 192.168.0.1，端口号是 22，有没有启用 hmac-md5 SSH MACs 加密算法为例）</p>



<h5>3.2.2 测试多个 SSH Ciphers 加密算法</h5>



<pre class="wp-block-code"><code># ssh -vv -oMACs=hmac-md5,hmac-md5-96,hmac-sha1,hmac-sha1-96,hmac-md5-etm@openssh.com,hmac-md5-96-etm@openssh.com -oPort=22 192.168.0.1</code></pre>



<p>（补充：这里以测试 IP 地址是 192.168.0.1，端口号是 22，有没有启用 hmac-md5、hmac-md5-96、hmac-sha1、hmac-sha1-96、hmac-md5-etm@openssh.com 和 hmac-md5-96-etm@openssh.com SSH MACs 加密算法为例）</p>
]]></content:encoded>
					
		
		
			</item>
		<item>
		<title>[内容] nftables 防火墙策略文件的常用规则</title>
		<link>./../../../common-rules-for-nftables-firewall-policy-file/index.html</link>
		
		<dc:creator><![CDATA[Mingyu Zhu]]></dc:creator>
		<pubDate>Mon, 15 Aug 2022 03:31:10 +0000</pubDate>
				<category><![CDATA[Chinese (中文)]]></category>
		<category><![CDATA[System (系统)]]></category>
		<category><![CDATA[System Firewall (系统防火墙)]]></category>
		<category><![CDATA[System Login Security (系统登录安全)]]></category>
		<category><![CDATA[System Network & System Security & System Log (系统网络 & 系统安全 & 系统日志)]]></category>
		<category><![CDATA[System Port Security (系统端口安全)]]></category>
		<category><![CDATA[System Security (系统安全)]]></category>
		<guid isPermaLink="false">./../../../index.html?p=27551</guid>

					<description><![CDATA[注意： 在给 nftables 防火墙的策略文件添加规则前，要先使用 nftables 防火墙的策略文件： 正文： 案例一：允许某个 IP 地址访问某个端口 或者： （补充：这里以允许 IP 地址 192.168.0.1 访问 22 端口为例） 案例二：允许某个 IP 地址访问多个端口 （补充：这里以允许 IP 地址 192.168.0.1 访问 22 端口、80 端口、443 端口和 3066 端口为例） 案例三：允许多个 IP 地址访问多个端口 （补充：这里以允许 IP 地址 192.168.0.1、192.168.0.2 和 192.168.0.3 访问 22 端口、80 端口、443 端口和 3066 端口为例） 案例四：拒绝所有 IP 地址访问多个端口 （补充：这里以拒绝所有 IP 地址的 22 &#8230; <p class="link-more"><a href="./../../../common-rules-for-nftables-firewall-policy-file/index.html" class="more-link">Continue reading<span class="screen-reader-text"> "[内容] nftables 防火墙策略文件的常用规则"</span></a></p>]]></description>
										<content:encoded><![CDATA[
<h2>注意：</h2>



<p>在给 nftables 防火墙的策略文件添加规则前，要先使用 nftables 防火墙的策略文件：</p>



<div class="wp-container-1 is-content-justification-center wp-block-buttons">
<div class="wp-block-button is-style-outline"><a class="wp-block-button__link" href="./../../../nfttables-permanent/index.html" style="border-radius:0px">nftables 防火墙的使用 <br>（永久版）</a></div>
</div>



<h2>正文：</h2>



<h3>案例一：允许某个 IP 地址访问某个端口</h3>



<pre class="wp-block-code"><code>ip saddr 192.168.0.1 tcp dport ssh accept</code></pre>



<p>或者：</p>



<pre class="wp-block-code"><code>ip saddr 192.168.0.1 tcp dport 22 accept</code></pre>



<p>（补充：这里以允许 IP 地址 192.168.0.1 访问 22 端口为例）</p>



<h3>案例二：允许某个 IP 地址访问多个端口</h3>



<pre class="wp-block-code"><code>ip saddr 192.168.0.1 tcp dport {22,80,443,3306} accept comment "accept local port"</code></pre>



<p>（补充：这里以允许 IP 地址 192.168.0.1 访问 22 端口、80 端口、443 端口和 3066 端口为例）</p>



<h3>案例三：允许多个 IP 地址访问多个端口</h3>



<pre class="wp-block-code"><code>ip saddr {192.168.0.1,192.168.0.2,192.168.0.3} tcp dport {22,80,443,3306} accept comment "accept local port"</code></pre>



<p>（补充：这里以允许 IP 地址 192.168.0.1、192.168.0.2 和 192.168.0.3 访问 22 端口、80 端口、443 端口和 3066 端口为例）</p>



<h3>案例四：拒绝所有 IP 地址访问多个端口</h3>



<pre class="wp-block-code"><code>tcp dport {22,80,443,3306} drop comment "drop remote port"</code></pre>



<p>（补充：这里以拒绝所有 IP 地址的 22 端口、80 端口、443 端口和 3306 端口为例）</p>
]]></content:encoded>
					
		
		
			</item>
		<item>
		<title>[排错] openSUSE &#038; SUSE 解决执行 systemctl enable 命令或者 systemd-sysv-install enable 命令时报错 “&#8230;..: No such file or directory”</title>
		<link>./../../../no-such-file-or-directory/index.html</link>
		
		<dc:creator><![CDATA[Mingyu Zhu]]></dc:creator>
		<pubDate>Mon, 15 Aug 2022 03:08:13 +0000</pubDate>
				<category><![CDATA[Chinese (中文)]]></category>
		<category><![CDATA[System (系统)]]></category>
		<category><![CDATA[System Operation & System Setting & System Software (系统操作 & 系统设置 & 系统软件)]]></category>
		<category><![CDATA[System Setting (系统设置)]]></category>
		<category><![CDATA[System Software (系统软件)]]></category>
		<guid isPermaLink="false">./../../../index.html?p=27547</guid>

					<description><![CDATA[报错代码 解决方法]]></description>
										<content:encoded><![CDATA[
<h2>报错代码</h2>



<pre class="wp-block-code"><code>......: No such file or directory</code></pre>



<h2>解决方法</h2>



<pre class="wp-block-code"><code># zypper in insserv-compat</code></pre>
]]></content:encoded>
					
		
		
			</item>
		<item>
		<title>[内容] /etc/resolv.conf 配置文件的 search 选项</title>
		<link>./../../../etc-resolv-conf-search/index.html</link>
		
		<dc:creator><![CDATA[Mingyu Zhu]]></dc:creator>
		<pubDate>Wed, 10 Aug 2022 15:07:19 +0000</pubDate>
				<category><![CDATA[Chinese (中文)]]></category>
		<category><![CDATA[DNS]]></category>
		<category><![CDATA[Other Service (其它服务)]]></category>
		<category><![CDATA[Service (服务)]]></category>
		<category><![CDATA[System (系统)]]></category>
		<category><![CDATA[System Network (系统网络)]]></category>
		<category><![CDATA[System Network & System Security & System Log (系统网络 & 系统安全 & 系统日志)]]></category>
		<category><![CDATA[System Operation & System Setting & System Software (系统操作 & 系统设置 & 系统软件)]]></category>
		<category><![CDATA[System Setting (系统设置)]]></category>
		<guid isPermaLink="false">./../../../index.html?p=27527</guid>

					<description><![CDATA[内容一：测试 search 选项的配置 内容二：测试 search 选项 2.1 查询 zhumingyu （补充：当查询 zhumingyu 时，也就是中间没有点 “.”，则默认会被视为查询主机名，会先依次把 eternalcenter.com、local 和 new 作为后缀添加到 zhumingyu 后进行查询，最后才查询 zhumingyu） 2.2 zhumingyu.com （补充：当查询 zhumingyu.com 时，也就是中间有 1 个点 “.”，则默认会被视为查询域名，会先查询 mingyuzhu.com，如果查询失败，则会先依次把 eternalcenter.com、local 和 new 作为后缀添加到 zhumingyu 后进行查询） 2.3 查询 zhumingyu.com. （补充：当查询 zhumingyu.com. 时，也就是末尾有 1 个点 “.”，默认会被视为查询域名，且只会查询这个域名。不会查询 search 里的每 1 项）]]></description>
										<content:encoded><![CDATA[
<h3>内容一：测试 search 选项的配置</h3>



<pre class="wp-block-code"><code># cat /etc/resolv.conf
search eternalcenter.com local new
nameserver 8.8.8.8</code></pre>



<h3>内容二：测试 search 选项</h3>



<h4>2.1 查询 zhumingyu</h4>



<pre class="wp-block-code"><code># host -a zhumingyu
Trying "zhumingyu.eternalcenter.com"
Trying "zhumingyu.local"
Trying "zhumingyu.new"
Trying "zhumingyu"
Host zhumingyu not found: 3(NXDOMAIN)
Received 102 bytes from 8.8.8.8#53 in 62 ms</code></pre>



<p>（补充：当查询 zhumingyu 时，也就是中间没有点 “.”，则默认会被视为查询主机名，会先依次把 eternalcenter.com、local 和 new 作为后缀添加到 zhumingyu 后进行查询，最后才查询 zhumingyu）</p>



<h4>2.2 zhumingyu.com</h4>



<pre class="wp-block-code"><code># host -a zhumingyu.com
Trying "zhumingyu.com"
Received 31 bytes from 1.1.1.1#53 in 217 ms
Trying "zhumingyu.com.eternalcenter.com"
Trying "zhumingyu.com.local"
Trying "zhumingyu.com.new"
Host zhumingyu.com.new not found: 4(NOTIMP)
Received 35 bytes from 1.1.1.1#53 in 218 ms</code></pre>



<p>（补充：当查询 zhumingyu.com 时，也就是中间有 1 个点 “.”，则默认会被视为查询域名，会先查询 mingyuzhu.com，如果查询失败，则会先依次把 eternalcenter.com、local 和 new 作为后缀添加到 zhumingyu 后进行查询）</p>



<h4>2.3 查询 zhumingyu.com.</h4>



<pre class="wp-block-code"><code># host -a zhumingyu.com.
Trying "zhumingyu.com"
Host zhumingyu.com not found: 4(NOTIMP)
Received 31 bytes from 1.1.1.1#53 in 204 ms
Received 31 bytes from 1.1.1.1#53 in 204 ms</code></pre>



<p>（补充：当查询 zhumingyu.com. 时，也就是末尾有 1 个点 “.”，默认会被视为查询域名，且只会查询这个域名。不会查询 search 里的每 1 项）</p>
]]></content:encoded>
					
		
		
			</item>
		<item>
		<title>[命令] SFTP 常用命令</title>
		<link>./../../../sftp-command/index.html</link>
		
		<dc:creator><![CDATA[Mingyu Zhu]]></dc:creator>
		<pubDate>Mon, 08 Aug 2022 14:45:03 +0000</pubDate>
				<category><![CDATA[Chinese (中文)]]></category>
		<category><![CDATA[Service (服务)]]></category>
		<category><![CDATA[SFTP]]></category>
		<category><![CDATA[Storage Service (存储服务)]]></category>
		<guid isPermaLink="false">./../../../index.html?p=27514</guid>

					<description><![CDATA[内容一：SFTP 显示相关 1.1 显示目录或文件 1.1.1 显示远程的目录或文件 1.1.2 显示本地的目录或文件 1.2 显示目录路径 1.2.1 显示远程目录路径 1.2.2 显示本地目录路径 1.3 显示协议版本 1.4 显示帮助信息 内容二：SFTP 目录相关 2.1 创建目录 2.1.1 创建远程目录 2.1.2 创建本地目录 2.2 删除目录 2.2.1 删除远程目录 2.2.2 删除本地目录 2.3 修改目录下 2.3.1 修改目录的所属主 2.3.2 修改目录的所属组 2.3.3 修改目录权限 2.4 进入目录 2.4.1 进入远程目录 2.4.2 进入本地目录 内容三：SFTP 文件相关 3.1 删除文件 3.1.1 删除远程文件 3.1.2 删除本地文件 3.2 &#8230; <p class="link-more"><a href="./../../../sftp-command/index.html" class="more-link">Continue reading<span class="screen-reader-text"> "[命令] SFTP 常用命令"</span></a></p>]]></description>
										<content:encoded><![CDATA[
<h3>内容一：SFTP 显示相关</h3>



<h4>1.1 显示目录或文件</h4>



<h5>1.1.1 显示远程的目录或文件</h5>



<pre class="wp-block-code"><code>sftp&gt; ls</code></pre>



<h5>1.1.2 显示本地的目录或文件</h5>



<pre class="wp-block-code"><code>sftp&gt; lls</code></pre>



<h4>1.2 显示目录路径</h4>



<h5>1.2.1 显示远程目录路径</h5>



<pre class="wp-block-code"><code>sftp&gt; pwd</code></pre>



<h5>1.2.2 显示本地目录路径</h5>



<pre class="wp-block-code"><code>sftp&gt; lpwd</code></pre>



<h4>1.3 显示协议版本</h4>



<pre class="wp-block-code"><code>sftp&gt; version</code></pre>



<h4>1.4 显示帮助信息</h4>



<pre class="wp-block-code"><code>sftp&gt; help</code></pre>



<h3>内容二：SFTP 目录相关</h3>



<h4>2.1 创建目录</h4>



<h5>2.1.1 创建远程目录</h5>



<pre class="wp-block-code"><code>sftp&gt; mkdir &lt;directory&gt;</code></pre>



<h5>2.1.2 创建本地目录</h5>



<pre class="wp-block-code"><code>sftp&gt; lmkdir &lt;directory&gt;</code></pre>



<h4>2.2 删除目录</h4>



<h5>2.2.1 删除远程目录</h5>



<pre class="wp-block-code"><code>sftp&gt; rmdir &lt;directory&gt;</code></pre>



<h5>2.2.2 删除本地目录</h5>



<pre class="wp-block-code"><code>sftp&gt; lmkdir &lt;directory&gt;</code></pre>



<h4>2.3 修改目录下</h4>



<h5>2.3.1 修改目录的所属主</h5>



<pre class="wp-block-code"><code>sftp&gt; chown &lt;user&gt; &lt;directory&gt;</code></pre>



<h5>2.3.2 修改目录的所属组</h5>



<pre class="wp-block-code"><code>sftp&gt; chgrp &lt;group&gt; &lt;directory&gt;</code></pre>



<h5>2.3.3 修改目录权限</h5>



<pre class="wp-block-code"><code>sftp&gt; chmod &lt;privilege&gt; &lt;directory&gt;</code></pre>



<h4>2.4 进入目录</h4>



<h5>2.4.1 进入远程目录</h5>



<pre class="wp-block-code"><code>sftp&gt; cd &lt;directory&gt;</code></pre>



<h5>2.4.2 进入本地目录</h5>



<pre class="wp-block-code"><code>sftp&gt; lcd &lt;directory&gt;</code></pre>



<h3>内容三：SFTP 文件相关</h3>



<h4>3.1 删除文件</h4>



<h5>3.1.1 删除远程文件</h5>



<pre class="wp-block-code"><code>sftp&gt; rm &lt;file&gt;</code></pre>



<h5>3.1.2 删除本地文件</h5>



<pre class="wp-block-code"><code>sftp&gt; lrm &lt;file&gt;</code></pre>



<h4>3.2 移动文件</h4>



<p>移动远程文件</p>



<pre class="wp-block-code"><code>sftp&gt; mv &lt;file&gt;</code></pre>



<h3>内容四：上传和下载</h3>



<h5>4.1 从远程下载文件到本地</h5>



<pre class="wp-block-code"><code>sftp&gt; get &lt;file&gt;</code></pre>



<h5>4.2 从本地上传文件到远程</h5>



<pre class="wp-block-code"><code>sftp&gt; put &lt;file&gt;</code></pre>



<h3>内容五：SFTP 管理相关</h3>



<p>退出 SFTP</p>



<pre class="wp-block-code"><code>sftp&gt; exit</code></pre>



<p>或者：</p>



<pre class="wp-block-code"><code>sftp&gt; quit</code></pre>
]]></content:encoded>
					
		
		
			</item>
		<item>
		<title>[步骤] Linux 文件系统的安全 （通过禁止执行共享内存里的程序或文件来防止恶意软件）</title>
		<link>./../../../file-system-security-dev-shm-noexec/index.html</link>
		
		<dc:creator><![CDATA[Mingyu Zhu]]></dc:creator>
		<pubDate>Tue, 02 Aug 2022 06:58:33 +0000</pubDate>
				<category><![CDATA[Chinese (中文)]]></category>
		<category><![CDATA[System (系统)]]></category>
		<category><![CDATA[System File Security (系统文件安全)]]></category>
		<category><![CDATA[System Process Security (系统进程安全)]]></category>
		<category><![CDATA[System Security (系统安全)]]></category>
		<guid isPermaLink="false">./../../../index.html?p=27466</guid>

					<description><![CDATA[步骤一：临时禁止 /dev/shm 目录的执行权限 步骤二：永久禁止 /dev/shm 目录的执行权限 2.1 修改 /etc/fstab 配置文件 添加以下内容： 2.2 让修改的配置生效 步骤三：确认 /dev/shm 目录的执行权限已被禁止 （补充：当没有任何输出结果时，则代表 /dev/shm 目录的执行权限已被禁止）]]></description>
										<content:encoded><![CDATA[
<h3>步骤一：临时禁止 /dev/shm 目录的执行权限</h3>



<pre class="wp-block-code"><code># mount -o remount,noexec,nodev /dev/shm</code></pre>



<h3>步骤二：永久禁止 /dev/shm 目录的执行权限</h3>



<h4>2.1 修改 /etc/fstab 配置文件</h4>



<pre class="wp-block-code"><code># vim /etc/fstab</code></pre>



<p>添加以下内容：</p>



<pre class="wp-block-code"><code>......
/dev/shm             /dev/shm   tmpfs  defaults,rw,remount,noexec,nodev  0  0</code></pre>



<h4>2.2 让修改的配置生效</h4>



<pre class="wp-block-code"><code># mount -a</code></pre>



<h3>步骤三：确认 /dev/shm 目录的执行权限已被禁止</h3>



<pre class="wp-block-code"><code># mount | grep -E '\s/dev/shm\s' | grep -v noexec ; mount | grep -E '\s/dev/shm\s' | grep -v nodev</code></pre>



<p>（补充：当没有任何输出结果时，则代表 /dev/shm 目录的执行权限已被禁止）</p>
]]></content:encoded>
					
		
		
			</item>
		<item>
		<title>[命令] Linux 命令 locate （查找文件）</title>
		<link>./../../../locate/index.html</link>
		
		<dc:creator><![CDATA[Mingyu Zhu]]></dc:creator>
		<pubDate>Mon, 01 Aug 2022 12:50:19 +0000</pubDate>
				<category><![CDATA[Chinese (中文)]]></category>
		<category><![CDATA[System (系统)]]></category>
		<category><![CDATA[System File (系统文件)]]></category>
		<category><![CDATA[System Operation (系统操作)]]></category>
		<category><![CDATA[System Operation & System Setting & System Software (系统操作 & 系统设置 & 系统软件)]]></category>
		<category><![CDATA[System Storage (系统存储)]]></category>
		<category><![CDATA[System Storage & System Directory & System File (系统存储 & 系统目录 & 系统文件)]]></category>
		<guid isPermaLink="false">./../../../index.html?p=27463</guid>

					<description><![CDATA[内容一：locate 命令的安装 1.1 安装 locate 命令 1.2 更新 locate 数据库 （注意：如果不更新 locate 数据库，在使用 locate 命令后可能会报错 ） 内容二：locate 命令的选项 1) -b 或者 &#8211;basename 只显示使用指定模式匹配名称的条目2) -c 或者 &#8211;count 只显示找的数量3) -e 或者 &#8211;existing 只显示存在的条目4) -i 或者 &#8211;ignore-case 查找时忽略大小写5) -r 或者 &#8211;regexp 使用正则表达式6) &#8211;regex 使用扩展正则表达式 内容三：locate 命令的案例 3.1 案例一：查找包含 passwd 的文件 3.2 案例二：在 /etc/ 目录下查找以 sh 开头的文件 3.3 案例三：在当前目录下查找以 &#8230; <p class="link-more"><a href="./../../../locate/index.html" class="more-link">Continue reading<span class="screen-reader-text"> "[命令] Linux 命令 locate （查找文件）"</span></a></p>]]></description>
										<content:encoded><![CDATA[
<h3>内容一：locate 命令的安装</h3>



<h4>1.1 安装 locate 命令</h4>



<pre class="wp-block-code"><code># dnf install mlocate</code></pre>



<h4>1.2 更新 locate 数据库</h4>



<pre class="wp-block-code"><code># updatedb</code></pre>



<p>（<br>注意：如果不更新 locate 数据库，在使用 locate 命令后可能会报错</p>



<pre class="wp-block-code"><code>locate: can not stat () `/var/lib/mlocate/mlocate.db': No such file or directory</code></pre>



<p>）</p>



<h3>内容二：locate 命令的选项</h3>



<p>1) -b 或者 &#8211;basename 只显示使用指定模式匹配名称的条目<br>2) -c 或者 &#8211;count 只显示找的数量<br>3) -e 或者 &#8211;existing 只显示存在的条目<br>4) -i 或者 &#8211;ignore-case 查找时忽略大小写<br>5) -r 或者 &#8211;regexp 使用正则表达式<br>6) &#8211;regex 使用扩展正则表达式</p>



<h3>内容三：locate 命令的案例</h3>



<h4>3.1 案例一：查找包含 passwd 的文件</h4>



<pre class="wp-block-code"><code># locate passwd</code></pre>



<h4>3.2 案例二：在 /etc/ 目录下查找以 sh 开头的文件</h4>



<pre class="wp-block-code"><code># locate /etc/sh</code></pre>



<h4>3.3 案例三：在当前目录下查找以 r 开头的文件并忽略大小写</h4>



<pre class="wp-block-code"><code># locate -i ~/r</code></pre>



<h4>3.4 案例四：使用正则表达式超找包含 1.txt 或 2.txt 的文件</h4>



<pre class="wp-block-code"><code># locate -r &#91;1-2].txt</code></pre>
]]></content:encoded>
					
		
		
			</item>
		<item>
		<title>[命令] Linux 命令 modprobe、rmmod、insmod、lsmod、modinfo 的使用 （管理模块）</title>
		<link>./../../../modprobe-rmmod-insmod-lsmod-modinfo/index.html</link>
		
		<dc:creator><![CDATA[Mingyu Zhu]]></dc:creator>
		<pubDate>Mon, 01 Aug 2022 06:10:32 +0000</pubDate>
				<category><![CDATA[Chinese (中文)]]></category>
		<category><![CDATA[System (系统)]]></category>
		<category><![CDATA[System Operation & System Setting & System Software (系统操作 & 系统设置 & 系统软件)]]></category>
		<category><![CDATA[System Setting (系统设置)]]></category>
		<category><![CDATA[System Software (系统软件)]]></category>
		<guid isPermaLink="false">./../../../index.html?p=27461</guid>

					<description><![CDATA[内容一：modprobe 命令的选项 1) -a 或者 &#8211;all，载入所有模块2) -c 或者 &#8211;show-conf 显示所有模块的配置信息3) -r 或者 &#8211;remove 卸载模块，必须在模块闲置不用时操作。4) -v 或者 &#8211;verbose 显示执行时的详细信息5) -V 或者 &#8211;version 显示命令的版本信息6) -h 或者 &#8211;help 显示命令的帮助信息 内容二：modprobe、insmod、rmmod、lsmod、modinfo 命令的案例 2.1 案例一：安装模块 或者： 2.2 案例二：删除模块 或者： 2.3 案例三：显示所有模块 2.4 案例四：显示某 1 个模块的详细信息]]></description>
										<content:encoded><![CDATA[
<h3>内容一：modprobe 命令的选项</h3>



<p>1) -a 或者 &#8211;all，载入所有模块<br>2) -c 或者 &#8211;show-conf 显示所有模块的配置信息<br>3) -r 或者 &#8211;remove 卸载模块，必须在模块闲置不用时操作。<br>4) -v 或者 &#8211;verbose 显示执行时的详细信息<br>5) -V 或者 &#8211;version 显示命令的版本信息<br>6) -h 或者 &#8211;help 显示命令的帮助信息</p>



<h3>内容二：modprobe、insmod、rmmod、lsmod、modinfo 命令的案例</h3>



<h4>2.1 案例一：安装模块</h4>



<pre class="wp-block-code"><code># modprobe floppy</code></pre>



<p>或者：</p>



<pre class="wp-block-code"><code># insmod floppy</code></pre>



<h4>2.2 案例二：删除模块</h4>



<pre class="wp-block-code"><code># modprobe -r floppy</code></pre>



<p>或者：</p>



<pre class="wp-block-code"><code># rmmod floppy</code></pre>



<h4>2.3 案例三：显示所有模块</h4>



<pre class="wp-block-code"><code># lsmod</code></pre>



<h4>2.4 案例四：显示某 1 个模块的详细信息</h4>



<pre class="wp-block-code"><code># modinfo floppy</code></pre>
]]></content:encoded>
					
		
		
			</item>
		<item>
		<title>[步骤] Wake On Lan （WOL） 功能的开启 （ Rocky Linux &#038; RHEL 版）</title>
		<link>./../../../wol-rocky-linux-rhel/index.html</link>
		
		<dc:creator><![CDATA[Mingyu Zhu]]></dc:creator>
		<pubDate>Sun, 31 Jul 2022 15:01:21 +0000</pubDate>
				<category><![CDATA[Chinese (中文)]]></category>
		<category><![CDATA[System (系统)]]></category>
		<category><![CDATA[System Computer & System Hardware & System Installation & System Upgradation (系统电脑 & 系统硬件 & 系统安装 & 系统升级)]]></category>
		<category><![CDATA[System Hardware (系统硬件)]]></category>
		<category><![CDATA[System Network (系统网络)]]></category>
		<category><![CDATA[System Network & System Security & System Log (系统网络 & 系统安全 & 系统日志)]]></category>
		<guid isPermaLink="false">./../../../index.html?p=27458</guid>

					<description><![CDATA[步骤一：在 BIOS 开启 Wake On Lan （WOL） 功能 （步骤略） 步骤二：在系统开启 Wake On Lan （WOL） 功能 2.1 确保 net-tools 已经安装 2.2 查看网卡的 Wake On Lan （WOL） 功能状态 2.2.1 Wake On Lan （WOL） 功能状态列表 1) p, Wake on PHY activity2) u, Wake on unicast messages3) m, Wake on multicast messages4) b, Wake on broadcast messages5) a, Wake &#8230; <p class="link-more"><a href="./../../../wol-rocky-linux-rhel/index.html" class="more-link">Continue reading<span class="screen-reader-text"> "[步骤] Wake On Lan （WOL） 功能的开启 （ Rocky Linux &#038; RHEL 版）"</span></a></p>]]></description>
										<content:encoded><![CDATA[
<h3>步骤一：在 BIOS 开启 Wake On Lan （WOL） 功能</h3>



<p>（步骤略）</p>



<h3>步骤二：在系统开启 Wake On Lan （WOL） 功能</h3>



<h4>2.1 确保 net-tools 已经安装</h4>



<pre class="wp-block-code"><code># yum install net-tools</code></pre>



<h4>2.2 查看网卡的 Wake On Lan （WOL） 功能状态</h4>



<h5>2.2.1 Wake On Lan （WOL） 功能状态列表</h5>



<p>1) p, Wake on PHY activity<br>2) u, Wake on unicast messages<br>3) m, Wake on multicast messages<br>4) b, Wake on broadcast messages<br>5) a, Wake on ARP<br>6) g, Wake on MagicPacket<img src="https://s.w.org/images/core/emoji/14.0.0/72x72/2122.png" alt="™" class="wp-smiley" style="height: 1em; max-height: 1em;" /><br>7) s, Enable SecureOn<img src="https://s.w.org/images/core/emoji/14.0.0/72x72/2122.png" alt="™" class="wp-smiley" style="height: 1em; max-height: 1em;" /> password for MagicPacket<img src="https://s.w.org/images/core/emoji/14.0.0/72x72/2122.png" alt="™" class="wp-smiley" style="height: 1em; max-height: 1em;" /><br>8) d, Disable (wake on nothing). This option clears all previous options</p>



<h5>2.2.2 查看网卡的 Wake On Lan （WOL） 功能状态</h5>



<pre class="wp-block-code"><code># ethtool enp16s0
Settings for enp16s0:
	Supported ports: &#91; TP ]
	Supported link modes:   10baseT/Half 10baseT/Full
	                        100baseT/Half 100baseT/Full
	                        1000baseT/Full
	Supported pause frame use: Symmetric
	Supports auto-negotiation: Yes
	Supported FEC modes: Not reported
	Advertised link modes:  10baseT/Half 10baseT/Full
	                        100baseT/Half 100baseT/Full
	                        1000baseT/Full
	Advertised pause frame use: Symmetric
	Advertised auto-negotiation: Yes
	Advertised FEC modes: Not reported
	Speed: 1000Mb/s
	Duplex: Full
	Auto-negotiation: on
	Port: Twisted Pair
	PHYAD: 1
	Transceiver: internal
	MDI-X: off (auto)
	Supports Wake-on: pumbg
	Wake-on: g
        Current message level: 0x00000007 (7)
                               drv probe link
	Link detected: yes</code></pre>



<p>（<br>补充：<br>1) 这里以使用 enp16s0 网卡开启 Wake On Lan （WOL） 功能为例<br>2) 这里的 Wake On Lan （WOL） 功能状态是 g<br>）</p>



<h4>2.3 临时开启 Wake On Lan （WOL） 功能</h4>



<pre class="wp-block-code"><code># ethtool -s enp16s0 wol p</code></pre>



<p>（补充：这里以给 enp16s0 网卡开启 Wake On Lan （WOL） 功能为例）</p>



<h4>2.4 永久开启 Wake On Lan （WOL） 功能</h4>



<pre class="wp-block-code"><code># vi /etc/sysconfig/network-scripts/ifcfg-enp16s0</code></pre>



<p>添加以下内容：</p>



<pre class="wp-block-code"><code>......
ETHTOOL_OPTS="-s ${DEVICE} wol p"</code></pre>



<p>（补充：这里以给 enp16s0 网卡开启 Wake On Lan （WOL） 功能为例）</p>
]]></content:encoded>
					
		
		
			</item>
		<item>
		<title>[命令] Linux 命令 tracepath （显示达到目的主机的路由信息）</title>
		<link>./../../../tracepath/index.html</link>
		
		<dc:creator><![CDATA[Mingyu Zhu]]></dc:creator>
		<pubDate>Sat, 30 Jul 2022 14:02:31 +0000</pubDate>
				<category><![CDATA[Chinese (中文)]]></category>
		<category><![CDATA[System (系统)]]></category>
		<category><![CDATA[System Network (系统网络)]]></category>
		<category><![CDATA[System Network & System Security & System Log (系统网络 & 系统安全 & 系统日志)]]></category>
		<category><![CDATA[System Operation (系统操作)]]></category>
		<category><![CDATA[System Operation & System Setting & System Software (系统操作 & 系统设置 & 系统软件)]]></category>
		<guid isPermaLink="false">./../../../index.html?p=27456</guid>

					<description><![CDATA[内容一：tracepath 命令的选项 1) -n 只显示 IP 地址2) -b 同时显示 IP 地址和主机名3) -l 设置初始数据包长度，默认值为 655354) -m 设置最大 TTL 值 （允许数据包到达目主机时允许通过的最多网段数），默认值为 305) -p 指定要到达的端口 内容二：tracepath 命令的案例 2.1 显示到达主机的路由信息 （只显示主机名） 2.2 显示到达主机的路由信息 （只显示 IP 地址） 2.3 显示到达主机的路由信息 （同时显示 IP 地址和主机名）]]></description>
										<content:encoded><![CDATA[
<h3>内容一：tracepath 命令的选项</h3>



<p>1) -n 只显示 IP 地址<br>2) -b 同时显示 IP 地址和主机名<br>3) -l 设置初始数据包长度，默认值为 65535<br>4) -m 设置最大 TTL 值 （允许数据包到达目主机时允许通过的最多网段数），默认值为 30<br>5) -p 指定要到达的端口</p>



<h3>内容二：tracepath 命令的案例</h3>



<h4>2.1 显示到达主机的路由信息 （只显示主机名）</h4>



<pre class="wp-block-code"><code># tracepath eternalcenter.com
 1?: &#91;LOCALHOST]                      pmtu 1500
 1:  eternalcenter.com                                   190.114ms !H
 1:  eternalcenter.com                                   187.738ms !H
     Resume: pmtu 1500 </code></pre>



<h4>2.2 显示到达主机的路由信息 （只显示 IP 地址）</h4>



<pre class="wp-block-code"><code># tracepath -n eternalcenter.com
 1?: &#91;LOCALHOST]                      pmtu 1500
 1:  143.198.58.97                                       188.327ms !H
 1:  143.198.58.97                                       186.518ms !H
     Resume: pmtu 1500 </code></pre>



<h4>2.3 显示到达主机的路由信息 （同时显示 IP 地址和主机名）</h4>



<pre class="wp-block-code"><code># tracepath -b eternalcenter.com
 1?: &#91;LOCALHOST]                      pmtu 1500
 1:  eternalcenter.com (143.198.58.97)                   194.175ms !H
 1:  eternalcenter.com (143.198.58.97)                   188.484ms !H
     Resume: pmtu 1500 </code></pre>
]]></content:encoded>
					
		
		
			</item>
		<item>
		<title>[命令] Linux 命令 dig （从 DNS 服务器获取主机信息）</title>
		<link>./../../../dig/index.html</link>
		
		<dc:creator><![CDATA[Mingyu Zhu]]></dc:creator>
		<pubDate>Fri, 29 Jul 2022 08:22:42 +0000</pubDate>
				<category><![CDATA[Chinese (中文)]]></category>
		<category><![CDATA[DNS]]></category>
		<category><![CDATA[Other Service (其它服务)]]></category>
		<category><![CDATA[Service (服务)]]></category>
		<category><![CDATA[System (系统)]]></category>
		<category><![CDATA[System Network (系统网络)]]></category>
		<category><![CDATA[System Network & System Security & System Log (系统网络 & 系统安全 & 系统日志)]]></category>
		<guid isPermaLink="false">./../../../index.html?p=27453</guid>

					<description><![CDATA[内容一：dig 命令简介 dig 即 domain information groper，主要功能是从 DNS 服务器获取主机信息 内容二：dig 命令的使用案例 2.1 案例一：显示互联网上所有 DNS 根服务器的信息 2.2 案例二：直接通过域名获取主机信息 （补充：这里以通过 eternalcenter.com 域名获取主机信息为例） 2.3 案例三：直接通过域名获取主机信息，但只显示最基础的内容 （补充：这里以通过 eternalcenter.com 域名获取主机信息为例） 2.4 案例四：直接通过域名获取主机信息，并指定显示的内容 （补充：这里以通过 eternalcenter.com 域名获取主机信息，并显示 noall 和 answer 部分的内容为例） 2.5 案例五：从指定的 DNS 服务器和端口号通过域名获取主机信息 （补充：这里以通过 eternalcenter.com 域名从 IP 地址是 8.8.8.8 端口是 53 的 DNS 服务器获取主机信息为例） 2.6 案例六：通过 IP 地址获取主机信息 （补充：这里以通过 IP &#8230; <p class="link-more"><a href="./../../../dig/index.html" class="more-link">Continue reading<span class="screen-reader-text"> "[命令] Linux 命令 dig （从 DNS 服务器获取主机信息）"</span></a></p>]]></description>
										<content:encoded><![CDATA[
<h3>内容一：dig 命令简介</h3>



<p>dig 即 domain information groper，主要功能是从 DNS 服务器获取主机信息</p>



<h3>内容二：dig 命令的使用案例</h3>



<h4>2.1 案例一：显示互联网上所有 DNS 根服务器的信息</h4>



<pre class="wp-block-code"><code># dig</code></pre>



<h4>2.2 案例二：直接通过域名获取主机信息</h4>



<pre class="wp-block-code"><code># dig eternalcenter.com</code></pre>



<p>（补充：这里以通过 eternalcenter.com 域名获取主机信息为例）</p>



<h4>2.3 案例三：直接通过域名获取主机信息，但只显示最基础的内容</h4>



<pre class="wp-block-code"><code># dig eternalcenter.com +short</code></pre>



<p>（补充：这里以通过 eternalcenter.com 域名获取主机信息为例）</p>



<h4>2.4 案例四：直接通过域名获取主机信息，并指定显示的内容</h4>



<pre class="wp-block-code"><code># dig eternalcenter.com +noall +answer</code></pre>



<p>（补充：这里以通过 eternalcenter.com 域名获取主机信息，并显示 noall 和 answer 部分的内容为例）</p>



<h4>2.5 案例五：从指定的 DNS 服务器和端口号通过域名获取主机信息</h4>



<pre class="wp-block-code"><code># dig @8.8.8.8 -p 53 eternalcenter.com</code></pre>



<p>（补充：这里以通过 eternalcenter.com 域名从 IP 地址是 8.8.8.8 端口是 53 的 DNS 服务器获取主机信息为例）</p>



<h4>2.6 案例六：通过 IP 地址获取主机信息</h4>



<pre class="wp-block-code"><code># dig -x 8.8.8.8</code></pre>



<p>（补充：这里以通过 IP 地址 8.8.8.8 获取主机信息为例）</p>



<h4>2.7 案例七：通过 IP 地址获得主机信息，但只显示最基础的内容</h4>



<pre class="wp-block-code"><code># dig -x 8.8.8.8  +short</code></pre>



<p>（补充：这里以通过 IP 地址 8.8.8.8 获取主机信息为例）</p>



<h4>2.8 案例八：直接通过域名获取主机信息，同时显示获取的过程</h4>



<pre class="wp-block-code"><code># dig eternalcenter.com +trace</code></pre>



<p>（补充：这里以通过 eternalcenter.com 域名获取主机信息为例）</p>
]]></content:encoded>
					
		
		
			</item>
		<item>
		<title>[命令] Linux 命令 gpasswd （管理组）</title>
		<link>./../../../gpasswd/index.html</link>
		
		<dc:creator><![CDATA[Mingyu Zhu]]></dc:creator>
		<pubDate>Fri, 29 Jul 2022 07:38:45 +0000</pubDate>
				<category><![CDATA[Chinese (中文)]]></category>
		<category><![CDATA[System (系统)]]></category>
		<category><![CDATA[System Login Security (系统登录安全)]]></category>
		<category><![CDATA[System Network & System Security & System Log (系统网络 & 系统安全 & 系统日志)]]></category>
		<category><![CDATA[System Privilege (系统权限)]]></category>
		<category><![CDATA[System Privilege Security (系统权限安全)]]></category>
		<category><![CDATA[System Security (系统安全)]]></category>
		<category><![CDATA[System User (系统用户)]]></category>
		<category><![CDATA[System User & System Privilege (系统用户 & 系统权限)]]></category>
		<guid isPermaLink="false">./../../../index.html?p=27450</guid>

					<description><![CDATA[内容一：组的成员管理 1.1 把用户添加到组里 1.1.1 把某个用户添加到某个组 或者： 或者： 或者： 1.1.2 把多个用户添加到某个组 或者： 或者： 或者： 2.2 把用户从组里删除 2.2.1 把某个用户从某个组里删除 或者： 2.2.2 把多个用户添加到某个组 或者： 2.3 将某个用户设置为组的管理员 或者： 内容三：组的密码管理 3.1 给某个组设置密码 3.2 删除某个组的密码 或者： 内容四：组的登录管理 限制某个组登录 或者： 内容五：显示帮助信息 或者：]]></description>
										<content:encoded><![CDATA[
<h3>内容一：组的成员管理</h3>



<h4>1.1 把用户添加到组里</h4>



<h5>1.1.1 把某个用户添加到某个组</h5>



<pre class="wp-block-code"><code># gpasswd -a &lt;user&gt; &lt;group&gt;</code></pre>



<p>或者：</p>



<pre class="wp-block-code"><code># gpasswd –add &lt;user&gt; &lt;group&gt;</code></pre>



<p>或者：</p>



<pre class="wp-block-code"><code># gpasswd -M &lt;group&gt;</code></pre>



<p>或者：</p>



<pre class="wp-block-code"><code># gpasswd –members &lt;group&gt;</code></pre>



<h5>1.1.2 把多个用户添加到某个组</h5>



<pre class="wp-block-code"><code># gpasswd -a &lt;user1&gt;,&lt;user2&gt; &lt;group&gt;</code></pre>



<p>或者：</p>



<pre class="wp-block-code"><code># gpasswd –add &lt;user1&gt;,&lt;user2&gt; &lt;group&gt;</code></pre>



<p>或者：</p>



<pre class="wp-block-code"><code># gpasswd -M &lt;user1&gt;,&lt;user2&gt; &lt;group&gt;</code></pre>



<p>或者：</p>



<pre class="wp-block-code"><code># gpasswd –members &lt;user1&gt;,&lt;user2&gt; &lt;group&gt;</code></pre>



<h4>2.2 把用户从组里删除</h4>



<h5>2.2.1 把某个用户从某个组里删除</h5>



<pre class="wp-block-code"><code># gpasswd -d &lt;user&gt; &lt;group&gt;</code></pre>



<p>或者：</p>



<pre class="wp-block-code"><code># gpasswd –delete &lt;user&gt; &lt;group&gt;</code></pre>



<h5>2.2.2 把多个用户添加到某个组</h5>



<pre class="wp-block-code"><code># gpasswd -d &lt;user1&gt;,&lt;user2&gt; &lt;group&gt;</code></pre>



<p>或者：</p>



<pre class="wp-block-code"><code># gpasswd –delete &lt;user1&gt;,&lt;user2&gt; &lt;group&gt;</code></pre>



<h4>2.3 将某个用户设置为组的管理员</h4>



<pre class="wp-block-code"><code># gpasswd -A &lt;user&gt; &lt;group&gt;</code></pre>



<p>或者：</p>



<pre class="wp-block-code"><code># gpasswd –administrators &lt;user&gt; &lt;group&gt;</code></pre>



<h3>内容三：组的密码管理</h3>



<h4>3.1 给某个组设置密码</h4>



<pre class="wp-block-code"><code># gpasswd &lt;group&gt;</code></pre>



<h4>3.2 删除某个组的密码</h4>



<pre class="wp-block-code"><code># gpasswd –r &lt;group&gt;</code></pre>



<p>或者：</p>



<pre class="wp-block-code"><code># gpasswd –remove-password &lt;group&gt;</code></pre>



<h3>内容四：组的登录管理</h3>



<p>限制某个组登录</p>



<pre class="wp-block-code"><code># gpasswd -R &lt;group&gt;</code></pre>



<p>或者：</p>



<pre class="wp-block-code"><code># gpasswd –restrict &lt;group&gt;</code></pre>



<h3>内容五：显示帮助信息</h3>



<pre class="wp-block-code"><code># gpasswd -h</code></pre>



<p>或者：</p>



<pre class="wp-block-code"><code># gpasswd -help</code></pre>
]]></content:encoded>
					
		
		
			</item>
		<item>
		<title>[命令] Linux 命令 man 7 regex （在 Linux 中查看正则表达的方法）</title>
		<link>./../../../man-7-regex/index.html</link>
		
		<dc:creator><![CDATA[Mingyu Zhu]]></dc:creator>
		<pubDate>Fri, 29 Jul 2022 06:49:14 +0000</pubDate>
				<category><![CDATA[Chinese (中文)]]></category>
		<category><![CDATA[Language (语言)]]></category>
		<category><![CDATA[Shell]]></category>
		<category><![CDATA[Shell Basic (基础)]]></category>
		<guid isPermaLink="false">./../../../index.html?p=27444</guid>

					<description><![CDATA[]]></description>
										<content:encoded><![CDATA[
<pre class="wp-block-code"><code># man 7 regex</code></pre>
]]></content:encoded>
					
		
		
			</item>
		<item>
		<title>[内容] Linux 文件 profile 和 bashrc （用户登录环境的设置）</title>
		<link>./../../../profile-bashrc/index.html</link>
		
		<dc:creator><![CDATA[Mingyu Zhu]]></dc:creator>
		<pubDate>Fri, 29 Jul 2022 06:43:12 +0000</pubDate>
				<category><![CDATA[Chinese (中文)]]></category>
		<category><![CDATA[System (系统)]]></category>
		<category><![CDATA[System File (系统文件)]]></category>
		<category><![CDATA[System Login Security (系统登录安全)]]></category>
		<category><![CDATA[System Network & System Security & System Log (系统网络 & 系统安全 & 系统日志)]]></category>
		<category><![CDATA[System Operation & System Setting & System Software (系统操作 & 系统设置 & 系统软件)]]></category>
		<category><![CDATA[System Privilege (系统权限)]]></category>
		<category><![CDATA[System Security (系统安全)]]></category>
		<category><![CDATA[System Setting (系统设置)]]></category>
		<category><![CDATA[System Storage & System Directory & System File (系统存储 & 系统目录 & 系统文件)]]></category>
		<category><![CDATA[System User (系统用户)]]></category>
		<category><![CDATA[System User & System Privilege (系统用户 & 系统权限)]]></category>
		<guid isPermaLink="false">./../../../index.html?p=27441</guid>

					<description><![CDATA[内容一：profile 文件 1.1 profile 全局文件的位置 （影响所有用户） 1.2 profile 局部文件的位置 （只影响单个用户） 或者： 或者： 1.3 profile 文件的作用 在用户登录时设置用户的环境变量，只在用户登录时才会生效 1.4 登录 Linux 时执行 profile 文件的顺序 第一步，执行： 第二步，按以下顺序一一尝试执行以下 3 个文件中的 1 个，当执行成功后则停止尝试下 1 个文件： 第三步：开始调用解释器 （如果是调用 bash 解释器，则继续执行登录 bash 时执行 bashrc 文件的顺序） 内容二：bashrc 文件 2.1 bashrc 全局文件的位置 （影响所有用户） 或者： 2.2 bashrc 局部文件的位置 （只影响单个用户） 2.3 bashrc 文件的作用 在用户使用 bash 解释器或登录 &#8230; <p class="link-more"><a href="./../../../profile-bashrc/index.html" class="more-link">Continue reading<span class="screen-reader-text"> "[内容] Linux 文件 profile 和 bashrc （用户登录环境的设置）"</span></a></p>]]></description>
										<content:encoded><![CDATA[
<h3>内容一：profile 文件</h3>



<h4>1.1 profile 全局文件的位置 （影响所有用户）</h4>



<pre class="wp-block-code"><code>/etc/profile</code></pre>



<h4>1.2 profile 局部文件的位置 （只影响单个用户）</h4>



<pre class="wp-block-code"><code>~/.bash_profile</code></pre>



<p>或者：</p>



<pre class="wp-block-code"><code>~/.bash_login</code></pre>



<p>或者：</p>



<pre class="wp-block-code"><code>~/.profile</code></pre>



<h4>1.3 profile 文件的作用</h4>



<p>在用户登录时设置用户的环境变量，只在用户登录时才会生效</p>



<h4>1.4 登录 Linux 时执行 profile 文件的顺序</h4>



<p>第一步，执行：</p>



<pre class="wp-block-code"><code>/etc/profile</code></pre>



<p>第二步，按以下顺序一一尝试执行以下 3 个文件中的 1 个，当执行成功后则停止尝试下 1 个文件：</p>



<pre class="wp-block-code"><code>~/.bash_profile
~/.bash_login
~/.profile</code></pre>



<p>第三步：开始调用解释器</p>



<p>（如果是调用 bash 解释器，则继续执行登录 bash 时执行 bashrc 文件的顺序）</p>



<h3>内容二：bashrc 文件</h3>



<h4>2.1 bashrc 全局文件的位置 （影响所有用户）</h4>



<pre class="wp-block-code"><code>/etc/bashrc</code></pre>



<p>或者：</p>



<pre class="wp-block-code"><code>/etc/bash.bashrc</code></pre>



<h4>2.2 bashrc 局部文件的位置 （只影响单个用户）</h4>



<pre class="wp-block-code"><code>~/.bashrc</code></pre>



<h4>2.3 bashrc 文件的作用</h4>



<p>在用户使用 bash 解释器或登录 bash 解释器时设置用户的环境变量，每次调用 bash 解释器时都会生效</p>



<h4>2.4 使用 bash 或登录 bash 时执行 bashrc 文件的顺序</h4>



<p>第一步，执行以下 2 个文件中的 1 个：</p>



<pre class="wp-block-code"><code>/etc/bashrc
/etc/bash.bashrc</code></pre>



<p>第二步，执行：</p>



<pre class="wp-block-code"><code>~/.bashrc</code></pre>
]]></content:encoded>
					
		
		
			</item>
		<item>
		<title>Linux 防范黑客入侵的思路</title>
		<link>./../../../thoughts-on-preventing-hacker-intrusion-in-linux/index.html</link>
		
		<dc:creator><![CDATA[Mingyu Zhu]]></dc:creator>
		<pubDate>Thu, 28 Jul 2022 08:33:56 +0000</pubDate>
				<category><![CDATA[Articles (文章)]]></category>
		<category><![CDATA[Chinese (中文)]]></category>
		<category><![CDATA[Creations (创作)]]></category>
		<category><![CDATA[Information Technology (IT) Articles (信息技术类文章)]]></category>
		<category><![CDATA[System (系统)]]></category>
		<category><![CDATA[System and System Software's Update and Patch (系统和系统软件的更新和补丁)]]></category>
		<category><![CDATA[System File Security (系统文件安全)]]></category>
		<category><![CDATA[System Firewall (系统防火墙)]]></category>
		<category><![CDATA[System Log (系统日志)]]></category>
		<category><![CDATA[System Login Security (系统登录安全)]]></category>
		<category><![CDATA[System Network & System Security & System Log (系统网络 & 系统安全 & 系统日志)]]></category>
		<category><![CDATA[System Port Security (系统端口安全)]]></category>
		<category><![CDATA[System Privilege Security (系统权限安全)]]></category>
		<category><![CDATA[System Process Security (系统进程安全)]]></category>
		<category><![CDATA[System Security (系统安全)]]></category>
		<category><![CDATA[System Security Log (系统安全日志)]]></category>
		<guid isPermaLink="false">./../../../index.html?p=27358</guid>

					<description><![CDATA[黑客发现阶段 黑客在入侵前往往会先对整个网络进行扫描，尝试发现我们的系统。在这个阶段我们可以尝试的防范措施有： 1) 关闭 ICMP 协议，让黑客无法通过 ping 发现我们的系统2) 关闭所有不需要的端口3) 通过防火墙只让允许访问的 IP 地址访问对应的端口4) 让防火墙使用 drop 操作丢掉所有没有被允许的访问请求 黑客列举阶段和黑客立足阶段 黑客在发现了我们的系统之后。会根据我们系统和软件的版本，列举不同的破解方法并进行取舍，并最终会选择一种或多种方法进行尝试。在这两个阶段我们可以尝试的防范措施有： 1) 不使用盗版的系统和软件2) 不使用有漏洞的系统和软件3) 尽量将所有的系统和软件升级到最新的版本4) 删除所有非必须的软件5) 在用户尝试登录系统时，取消显示系统的版本6) 删除或禁用所有不需要的用户7) 让所有的用户都使用复杂的密码8) 定期检查和修改所有用户的密码9) 定期检查和修改所有用户 ~/.ssh/ 目录中的密钥10) 限制错误密码尝试的次数，以防止暴力破解11) 定期检查系统防火墙策略12) 定期检查系统开启的所有端口13) 定期检查系统开启的所有进程14) 定期查看 /var/log/message 中的尝试登录失败的日志记录 黑客保持持久性阶段 黑客在成功进入系统以后，会尝试为自己下次进入系统准备方法，以让入侵保持持久性。在这个阶段我们可以尝试的防范措施有： 1) 定期检查系统中的所有用户的名称和数量2) 定期检查系统中所有拥有 root 权限的名称和数量3) 定期检查和修改所有用户的密码4) 定期检查和修改所有用户 ~/.ssh/ 目录中的密钥5) 定期检查系统防火墙策略6) 定期检查系统开启的所有端口7) 定期检查系统开启的所有进程8) 缩小重要文件的权限9) 定期检查所有用户的登录日志10) 通过 auditd 服务监控所有重要配置文件，并定期检查监控日志 &#8230; <p class="link-more"><a href="./../../../thoughts-on-preventing-hacker-intrusion-in-linux/index.html" class="more-link">Continue reading<span class="screen-reader-text"> "Linux 防范黑客入侵的思路"</span></a></p>]]></description>
										<content:encoded><![CDATA[
<h3>黑客发现阶段</h3>



<p>黑客在入侵前往往会先对整个网络进行扫描，尝试发现我们的系统。在这个阶段我们可以尝试的防范措施有：</p>



<p>1) 关闭 ICMP 协议，让黑客无法通过 ping 发现我们的系统<br>2) 关闭所有不需要的端口<br>3) 通过防火墙只让允许访问的 IP 地址访问对应的端口<br>4) 让防火墙使用 drop 操作丢掉所有没有被允许的访问请求</p>



<h3>黑客列举阶段和黑客立足阶段</h3>



<p>黑客在发现了我们的系统之后。会根据我们系统和软件的版本，列举不同的破解方法并进行取舍，并最终会选择一种或多种方法进行尝试。在这两个阶段我们可以尝试的防范措施有：</p>



<p>1) 不使用盗版的系统和软件<br>2) 不使用有漏洞的系统和软件<br>3) 尽量将所有的系统和软件升级到最新的版本<br>4) 删除所有非必须的软件<br>5) 在用户尝试登录系统时，取消显示系统的版本<br>6) 删除或禁用所有不需要的用户<br>7) 让所有的用户都使用复杂的密码<br>8) 定期检查和修改所有用户的密码<br>9) 定期检查和修改所有用户 ~/.ssh/ 目录中的密钥<br>10) 限制错误密码尝试的次数，以防止暴力破解<br>11) 定期检查系统防火墙策略<br>12) 定期检查系统开启的所有端口<br>13) 定期检查系统开启的所有进程<br>14) 定期查看 /var/log/message 中的尝试登录失败的日志记录</p>



<h3>黑客保持持久性阶段</h3>



<p>黑客在成功进入系统以后，会尝试为自己下次进入系统准备方法，以让入侵保持持久性。在这个阶段我们可以尝试的防范措施有：</p>



<p>1) 定期检查系统中的所有用户的名称和数量<br>2) 定期检查系统中所有拥有 root 权限的名称和数量<br>3) 定期检查和修改所有用户的密码<br>4) 定期检查和修改所有用户 ~/.ssh/ 目录中的密钥<br>5) 定期检查系统防火墙策略<br>6) 定期检查系统开启的所有端口<br>7) 定期检查系统开启的所有进程<br>8) 缩小重要文件的权限<br>9) 定期检查所有用户的登录日志<br>10) 通过 auditd 服务监控所有重要配置文件，并定期检查监控日志</p>



<h3>黑客掩盖痕迹阶段</h3>



<p>黑客让入侵保持持久性后，会尝试掩盖自己的痕迹。在这个阶段我们可以尝试的防范措施有：</p>



<p>1) 定期检查系统中的所有用户的名称和数量<br>2) 定期检查系统中所有拥有 root 权限的名称和数量<br>3) 定期检查和修改所有用户的密码<br>4) 定期检查和修改所有用户 ~/.ssh/ 目录中的密钥<br>5) 定期检查系统防火墙策略<br>6) 定期检查系统开启的所有端口<br>7) 定期检查系统开启的所有进程<br>8) 缩小重要文件的权限<br>9) 定期检查所有用户的登录日志，注意日志的时间是否连贯<br>10) 通过 auditd 服务监控所有重要配置文件，并定期检查监控日志，注意日志的时间是否连贯</p>
]]></content:encoded>
					
		
		
			</item>
		<item>
		<title>[内容] AppArmor 的设置</title>
		<link>./../../../apparmor/index.html</link>
		
		<dc:creator><![CDATA[Mingyu Zhu]]></dc:creator>
		<pubDate>Thu, 28 Jul 2022 07:12:28 +0000</pubDate>
				<category><![CDATA[AppArmor]]></category>
		<category><![CDATA[Chinese (中文)]]></category>
		<category><![CDATA[System (系统)]]></category>
		<category><![CDATA[System Network & System Security & System Log (系统网络 & 系统安全 & 系统日志)]]></category>
		<category><![CDATA[System Process Security (系统进程安全)]]></category>
		<category><![CDATA[System Security (系统安全)]]></category>
		<guid isPermaLink="false">./../../../index.html?p=27354</guid>

					<description><![CDATA[内容一：显示 AppArmor 保护进程的情况 1.1 显示所有 AppArmor 保护进程的情况 1.2 显示所有正在运行并监听网络但是没有被 AppArmor 保护的进程 内容二：设置 AppArmor 保护进程的策略 2.1 将所有 AppArmor 进程规则设置为 enforce 模式 2.2 将所有 AppArmor 进程规则设置为 complain 模式 2.3 将所有 AppArmor 进程规则设置为 disable 模式]]></description>
										<content:encoded><![CDATA[
<h3>内容一：显示 AppArmor 保护进程的情况</h3>



<h4>1.1 显示所有 AppArmor 保护进程的情况</h4>



<pre class="wp-block-code"><code># aa-status</code></pre>



<h4>1.2 显示所有正在运行并监听网络但是没有被 AppArmor 保护的进程</h4>



<pre class="wp-block-code"><code># aa-unconfined</code></pre>



<h3>内容二：设置 AppArmor 保护进程的策略</h3>



<h4>2.1 将所有 AppArmor 进程规则设置为 enforce 模式</h4>



<pre class="wp-block-code"><code># aa-enforce /etc/apparmor.d/*</code></pre>



<h4>2.2 将所有 AppArmor 进程规则设置为 complain 模式</h4>



<pre class="wp-block-code"><code># aa-complain /etc/apparmor.d/*</code></pre>



<h4>2.3 将所有 AppArmor 进程规则设置为 disable 模式</h4>



<pre class="wp-block-code"><code># aa-disable /etc/apparmor.d/*</code></pre>
]]></content:encoded>
					
		
		
			</item>
		<item>
		<title>[内容] audit 常用的监控规则</title>
		<link>./../../../common-monitoring-rules-of-audit/index.html</link>
		
		<dc:creator><![CDATA[Mingyu Zhu]]></dc:creator>
		<pubDate>Thu, 28 Jul 2022 06:22:23 +0000</pubDate>
				<category><![CDATA[AppArmor]]></category>
		<category><![CDATA[Chinese (中文)]]></category>
		<category><![CDATA[SELinux]]></category>
		<category><![CDATA[System (系统)]]></category>
		<category><![CDATA[System File Security (系统文件安全)]]></category>
		<category><![CDATA[System General Log (系统普通日志)]]></category>
		<category><![CDATA[System Log (系统日志)]]></category>
		<category><![CDATA[System Network & System Security & System Log (系统网络 & 系统安全 & 系统日志)]]></category>
		<category><![CDATA[System Security (系统安全)]]></category>
		<category><![CDATA[System Security Log (系统安全日志)]]></category>
		<guid isPermaLink="false">./../../../index.html?p=27352</guid>

					<description><![CDATA[内容一：监控 SELinux 配置文件 1.1 在 audit 添加监控 SELinux 配置文件的规则 添加以下内容： 1.2 让添加的监控 SELinux 配置文件的规则生效 1.3 确认添加的监控 SELinux 配置文件的规则已生效 内容二：监控 AppArmor 配置文件 2.1 在 audit 添加监控 AppArmor 配置文件的规则 添加以下内容： 2.2 让添加的监控 AppArmor 配置文件的规则生效 2.3 确认添加的监控 AppArmor 配置文件的规则已生效]]></description>
										<content:encoded><![CDATA[
<h3>内容一：监控 SELinux 配置文件</h3>



<h4>1.1 在 audit 添加监控 SELinux 配置文件的规则</h4>



<pre class="wp-block-code"><code># vim /etc/audit/rules.d/audit.rules</code></pre>



<p>添加以下内容：</p>



<pre class="wp-block-code"><code>......
-w /etc/selinux/ -p wa -k MAC-policy
-w /usr/share/selinux/ -p wa -k MAC-policy</code></pre>



<h4>1.2 让添加的监控 SELinux 配置文件的规则生效</h4>



<pre class="wp-block-code"><code># service auditd restart</code></pre>



<h4>1.3 确认添加的监控 SELinux 配置文件的规则已生效</h4>



<pre class="wp-block-code"><code># auditctl -l | grep -i selinux</code></pre>



<h3>内容二：监控 AppArmor 配置文件</h3>



<h4>2.1 在 audit 添加监控 AppArmor 配置文件的规则</h4>



<pre class="wp-block-code"><code># vim /etc/audit/rules.d/audit.rules</code></pre>



<p>添加以下内容：</p>



<pre class="wp-block-code"><code>......
-w /etc/apparmor/ -p wa -k MAC-policy
-w /etc/apparmor.d/ -p wa -k MAC-policy</code></pre>



<h4>2.2 让添加的监控 AppArmor 配置文件的规则生效</h4>



<pre class="wp-block-code"><code># service auditd restart</code></pre>



<h4>2.3 确认添加的监控 AppArmor 配置文件的规则已生效</h4>



<pre class="wp-block-code"><code># auditctl -l | grep -i apparmor</code></pre>
]]></content:encoded>
					
		
		
			</item>
	</channel>
</rss>
