<?xml version="1.0" encoding="UTF-8"?><rss version="2.0"
	xmlns:content="http://purl.org/rss/1.0/modules/content/"
	xmlns:wfw="http://wellformedweb.org/CommentAPI/"
	xmlns:dc="http://purl.org/dc/elements/1.1/"
	xmlns:atom="http://www.w3.org/2005/Atom"
	xmlns:sy="http://purl.org/rss/1.0/modules/syndication/"
	xmlns:slash="http://purl.org/rss/1.0/modules/slash/"
	>

<channel>
	<title>System File Security (系统文件安全) &#8211; Eternal Center</title>
	<atom:link href="./index.html" rel="self" type="application/rss+xml" />
	<link>./../../../../../../index.html</link>
	<description></description>
	<lastBuildDate>Fri, 30 Sep 2022 05:52:50 +0000</lastBuildDate>
	<language>en-US</language>
	<sy:updatePeriod>
	hourly	</sy:updatePeriod>
	<sy:updateFrequency>
	1	</sy:updateFrequency>
	
	<item>
		<title>[步骤] Linux 文件系统的安全 （通过禁止执行共享内存里的程序或文件来防止恶意软件）</title>
		<link>./../../../../../../file-system-security-dev-shm-noexec/index.html</link>
		
		<dc:creator><![CDATA[Mingyu Zhu]]></dc:creator>
		<pubDate>Tue, 02 Aug 2022 06:58:33 +0000</pubDate>
				<category><![CDATA[Chinese (中文)]]></category>
		<category><![CDATA[System (系统)]]></category>
		<category><![CDATA[System File Security (系统文件安全)]]></category>
		<category><![CDATA[System Process Security (系统进程安全)]]></category>
		<category><![CDATA[System Security (系统安全)]]></category>
		<guid isPermaLink="false">./../../../../../../index.html?p=27466</guid>

					<description><![CDATA[步骤一：临时禁止 /dev/shm 目录的执行权限 步骤二：永久禁止 /dev/shm 目录的执行权限 2.1 修改 /etc/fstab 配置文件 添加以下内容： 2.2 让修改的配置生效 步骤三：确认 /dev/shm 目录的执行权限已被禁止 （补充：当没有任何输出结果时，则代表 /dev/shm 目录的执行权限已被禁止）]]></description>
										<content:encoded><![CDATA[
<h3>步骤一：临时禁止 /dev/shm 目录的执行权限</h3>



<pre class="wp-block-code"><code># mount -o remount,noexec,nodev /dev/shm</code></pre>



<h3>步骤二：永久禁止 /dev/shm 目录的执行权限</h3>



<h4>2.1 修改 /etc/fstab 配置文件</h4>



<pre class="wp-block-code"><code># vim /etc/fstab</code></pre>



<p>添加以下内容：</p>



<pre class="wp-block-code"><code>......
/dev/shm             /dev/shm   tmpfs  defaults,rw,remount,noexec,nodev  0  0</code></pre>



<h4>2.2 让修改的配置生效</h4>



<pre class="wp-block-code"><code># mount -a</code></pre>



<h3>步骤三：确认 /dev/shm 目录的执行权限已被禁止</h3>



<pre class="wp-block-code"><code># mount | grep -E '\s/dev/shm\s' | grep -v noexec ; mount | grep -E '\s/dev/shm\s' | grep -v nodev</code></pre>



<p>（补充：当没有任何输出结果时，则代表 /dev/shm 目录的执行权限已被禁止）</p>
]]></content:encoded>
					
		
		
			</item>
		<item>
		<title>Linux 防范黑客入侵的思路</title>
		<link>./../../../../../../thoughts-on-preventing-hacker-intrusion-in-linux/index.html</link>
		
		<dc:creator><![CDATA[Mingyu Zhu]]></dc:creator>
		<pubDate>Thu, 28 Jul 2022 08:33:56 +0000</pubDate>
				<category><![CDATA[Articles (文章)]]></category>
		<category><![CDATA[Chinese (中文)]]></category>
		<category><![CDATA[Creations (创作)]]></category>
		<category><![CDATA[Ideas (思路)]]></category>
		<category><![CDATA[Information Technology (IT) Articles (信息技术类文章)]]></category>
		<category><![CDATA[System (系统)]]></category>
		<category><![CDATA[System and System Software's Update and Patch (系统和系统软件的更新和补丁)]]></category>
		<category><![CDATA[System File Security (系统文件安全)]]></category>
		<category><![CDATA[System Firewall (系统防火墙)]]></category>
		<category><![CDATA[System Log (系统日志)]]></category>
		<category><![CDATA[System Login Security (系统登录安全)]]></category>
		<category><![CDATA[System Network & System Security & System Log (系统网络 & 系统安全 & 系统日志)]]></category>
		<category><![CDATA[System Port Security (系统端口安全)]]></category>
		<category><![CDATA[System Privilege Security (系统权限安全)]]></category>
		<category><![CDATA[System Process Security (系统进程安全)]]></category>
		<category><![CDATA[System Security (系统安全)]]></category>
		<category><![CDATA[System Security Log (系统安全日志)]]></category>
		<guid isPermaLink="false">./../../../../../../index.html?p=27358</guid>

					<description><![CDATA[黑客发现阶段 黑客在入侵前往往会先对整个网络进行扫描，尝试发现我们的系统。在这个阶段我们可以尝试的防范措施有： 1) 关闭 ICMP 协议，让黑客无法通过 ping 发现我们的系统2) 关闭所有不需要的端口3) 通过防火墙只让允许访问的 IP 地址访问对应的端口4) 让防火墙使用 drop 操作丢掉所有没有被允许的访问请求 黑客列举阶段和黑客立足阶段 黑客在发现了我们的系统之后。会根据我们系统和软件的版本，列举不同的破解方法并进行取舍，并最终会选择一种或多种方法进行尝试。在这两个阶段我们可以尝试的防范措施有： 1) 不使用盗版的系统和软件2) 不使用有漏洞的系统和软件3) 尽量将所有的系统和软件升级到最新的版本4) 删除所有非必须的软件5) 在用户尝试登录系统时，取消显示系统的版本6) 删除或禁用所有不需要的用户7) 让所有的用户都使用复杂的密码8) 定期检查和修改所有用户的密码9) 定期检查和修改所有用户 ~/.ssh/ 目录中的密钥10) 限制错误密码尝试的次数，以防止暴力破解11) 定期检查系统防火墙策略12) 定期检查系统开启的所有端口13) 定期检查系统开启的所有进程14) 定期查看 /var/log/message 中的尝试登录失败的日志记录 黑客保持持久性阶段 黑客在成功进入系统以后，会尝试为自己下次进入系统准备方法，以让入侵保持持久性。在这个阶段我们可以尝试的防范措施有： 1) 定期检查系统中的所有用户的名称和数量2) 定期检查系统中所有拥有 root 权限的名称和数量3) 定期检查和修改所有用户的密码4) 定期检查和修改所有用户 ~/.ssh/ 目录中的密钥5) 定期检查系统防火墙策略6) 定期检查系统开启的所有端口7) 定期检查系统开启的所有进程8) 缩小重要文件的权限9) 定期检查所有用户的登录日志10) 通过 auditd 服务监控所有重要配置文件，并定期检查监控日志 &#8230; <p class="link-more"><a href="./../../../../../../thoughts-on-preventing-hacker-intrusion-in-linux/index.html" class="more-link">Continue reading<span class="screen-reader-text"> "Linux 防范黑客入侵的思路"</span></a></p>]]></description>
										<content:encoded><![CDATA[
<h3>黑客发现阶段</h3>



<p>黑客在入侵前往往会先对整个网络进行扫描，尝试发现我们的系统。在这个阶段我们可以尝试的防范措施有：</p>



<p>1) 关闭 ICMP 协议，让黑客无法通过 ping 发现我们的系统<br>2) 关闭所有不需要的端口<br>3) 通过防火墙只让允许访问的 IP 地址访问对应的端口<br>4) 让防火墙使用 drop 操作丢掉所有没有被允许的访问请求</p>



<h3>黑客列举阶段和黑客立足阶段</h3>



<p>黑客在发现了我们的系统之后。会根据我们系统和软件的版本，列举不同的破解方法并进行取舍，并最终会选择一种或多种方法进行尝试。在这两个阶段我们可以尝试的防范措施有：</p>



<p>1) 不使用盗版的系统和软件<br>2) 不使用有漏洞的系统和软件<br>3) 尽量将所有的系统和软件升级到最新的版本<br>4) 删除所有非必须的软件<br>5) 在用户尝试登录系统时，取消显示系统的版本<br>6) 删除或禁用所有不需要的用户<br>7) 让所有的用户都使用复杂的密码<br>8) 定期检查和修改所有用户的密码<br>9) 定期检查和修改所有用户 ~/.ssh/ 目录中的密钥<br>10) 限制错误密码尝试的次数，以防止暴力破解<br>11) 定期检查系统防火墙策略<br>12) 定期检查系统开启的所有端口<br>13) 定期检查系统开启的所有进程<br>14) 定期查看 /var/log/message 中的尝试登录失败的日志记录</p>



<h3>黑客保持持久性阶段</h3>



<p>黑客在成功进入系统以后，会尝试为自己下次进入系统准备方法，以让入侵保持持久性。在这个阶段我们可以尝试的防范措施有：</p>



<p>1) 定期检查系统中的所有用户的名称和数量<br>2) 定期检查系统中所有拥有 root 权限的名称和数量<br>3) 定期检查和修改所有用户的密码<br>4) 定期检查和修改所有用户 ~/.ssh/ 目录中的密钥<br>5) 定期检查系统防火墙策略<br>6) 定期检查系统开启的所有端口<br>7) 定期检查系统开启的所有进程<br>8) 缩小重要文件的权限<br>9) 定期检查所有用户的登录日志<br>10) 通过 auditd 服务监控所有重要配置文件，并定期检查监控日志</p>



<h3>黑客掩盖痕迹阶段</h3>



<p>黑客让入侵保持持久性后，会尝试掩盖自己的痕迹。在这个阶段我们可以尝试的防范措施有：</p>



<p>1) 定期检查系统中的所有用户的名称和数量<br>2) 定期检查系统中所有拥有 root 权限的名称和数量<br>3) 定期检查和修改所有用户的密码<br>4) 定期检查和修改所有用户 ~/.ssh/ 目录中的密钥<br>5) 定期检查系统防火墙策略<br>6) 定期检查系统开启的所有端口<br>7) 定期检查系统开启的所有进程<br>8) 缩小重要文件的权限<br>9) 定期检查所有用户的登录日志，注意日志的时间是否连贯<br>10) 通过 auditd 服务监控所有重要配置文件，并定期检查监控日志，注意日志的时间是否连贯</p>
]]></content:encoded>
					
		
		
			</item>
		<item>
		<title>[内容] audit 常用的监控规则</title>
		<link>./../../../../../../common-monitoring-rules-of-audit/index.html</link>
		
		<dc:creator><![CDATA[Mingyu Zhu]]></dc:creator>
		<pubDate>Thu, 28 Jul 2022 06:22:23 +0000</pubDate>
				<category><![CDATA[AppArmor]]></category>
		<category><![CDATA[Chinese (中文)]]></category>
		<category><![CDATA[SELinux]]></category>
		<category><![CDATA[System (系统)]]></category>
		<category><![CDATA[System File Security (系统文件安全)]]></category>
		<category><![CDATA[System General Log (系统普通日志)]]></category>
		<category><![CDATA[System Log (系统日志)]]></category>
		<category><![CDATA[System Network & System Security & System Log (系统网络 & 系统安全 & 系统日志)]]></category>
		<category><![CDATA[System Security (系统安全)]]></category>
		<category><![CDATA[System Security Log (系统安全日志)]]></category>
		<guid isPermaLink="false">./../../../../../../index.html?p=27352</guid>

					<description><![CDATA[内容一：监控 SELinux 配置文件 1.1 在 audit 添加监控 SELinux 配置文件的规则 添加以下内容： 1.2 让添加的监控 SELinux 配置文件的规则生效 1.3 确认添加的监控 SELinux 配置文件的规则已生效 内容二：监控 AppArmor 配置文件 2.1 在 audit 添加监控 AppArmor 配置文件的规则 添加以下内容： 2.2 让添加的监控 AppArmor 配置文件的规则生效 2.3 确认添加的监控 AppArmor 配置文件的规则已生效]]></description>
										<content:encoded><![CDATA[
<h3>内容一：监控 SELinux 配置文件</h3>



<h4>1.1 在 audit 添加监控 SELinux 配置文件的规则</h4>



<pre class="wp-block-code"><code># vim /etc/audit/rules.d/audit.rules</code></pre>



<p>添加以下内容：</p>



<pre class="wp-block-code"><code>......
-w /etc/selinux/ -p wa -k MAC-policy
-w /usr/share/selinux/ -p wa -k MAC-policy</code></pre>



<h4>1.2 让添加的监控 SELinux 配置文件的规则生效</h4>



<pre class="wp-block-code"><code># service auditd restart</code></pre>



<h4>1.3 确认添加的监控 SELinux 配置文件的规则已生效</h4>



<pre class="wp-block-code"><code># auditctl -l | grep -i selinux</code></pre>



<h3>内容二：监控 AppArmor 配置文件</h3>



<h4>2.1 在 audit 添加监控 AppArmor 配置文件的规则</h4>



<pre class="wp-block-code"><code># vim /etc/audit/rules.d/audit.rules</code></pre>



<p>添加以下内容：</p>



<pre class="wp-block-code"><code>......
-w /etc/apparmor/ -p wa -k MAC-policy
-w /etc/apparmor.d/ -p wa -k MAC-policy</code></pre>



<h4>2.2 让添加的监控 AppArmor 配置文件的规则生效</h4>



<pre class="wp-block-code"><code># service auditd restart</code></pre>



<h4>2.3 确认添加的监控 AppArmor 配置文件的规则已生效</h4>



<pre class="wp-block-code"><code># auditctl -l | grep -i apparmor</code></pre>
]]></content:encoded>
					
		
		
			</item>
		<item>
		<title>[步骤] audit 的设置 （日志保存时间）</title>
		<link>./../../../../../../audit-log-save-time/index.html</link>
		
		<dc:creator><![CDATA[Mingyu Zhu]]></dc:creator>
		<pubDate>Mon, 18 Jul 2022 01:45:08 +0000</pubDate>
				<category><![CDATA[Chinese (中文)]]></category>
		<category><![CDATA[Service (服务)]]></category>
		<category><![CDATA[SFTP]]></category>
		<category><![CDATA[Storage Service (存储服务)]]></category>
		<category><![CDATA[System (系统)]]></category>
		<category><![CDATA[System Directory (系统目录)]]></category>
		<category><![CDATA[System File (系统文件)]]></category>
		<category><![CDATA[System File Security (系统文件安全)]]></category>
		<category><![CDATA[System General Log (系统普通日志)]]></category>
		<category><![CDATA[System Log (系统日志)]]></category>
		<category><![CDATA[System Network & System Security & System Log (系统网络 & 系统安全 & 系统日志)]]></category>
		<category><![CDATA[System Operation & System Setting & System Software (系统操作 & 系统设置 & 系统软件)]]></category>
		<category><![CDATA[System Privilege Security (系统权限安全)]]></category>
		<category><![CDATA[System Security (系统安全)]]></category>
		<category><![CDATA[System Security Log (系统安全日志)]]></category>
		<category><![CDATA[System Setting (系统设置)]]></category>
		<category><![CDATA[System Storage (系统存储)]]></category>
		<category><![CDATA[System Storage & System Directory & System File (系统存储 & 系统目录 & 系统文件)]]></category>
		<guid isPermaLink="false">./../../../../../../index.html?p=26972</guid>

					<description><![CDATA[方法一：通过 audit 配置文件设置 1.1 设置 audit 日志的保存时间 确保部分内容如下： （补充：这里以1) 开启 audit 日志 （local_events = yes） （write_logs = yes）2) 将 audit 日志写入 /var/log/audit/audit.log 文件 （log_file = /var/log/audit/audit.log）3) audit 日志每达到 8M 大小就将旧的 audit 日志进行备份并创建新的 audit 日志 （max_log_file = 8） （max_log_file_action = ROTATE），也可以修改成： max_log_file_action = keep_logs4) 旧的 audit 日志保存 5 份 （num_logs =5）为例） 1.2 让设置的 audit 时间生效 方法二：通过 &#8230; <p class="link-more"><a href="./../../../../../../audit-log-save-time/index.html" class="more-link">Continue reading<span class="screen-reader-text"> "[步骤] audit 的设置 （日志保存时间）"</span></a></p>]]></description>
										<content:encoded><![CDATA[
<h3>方法一：通过 audit 配置文件设置</h3>



<h4>1.1 设置 audit 日志的保存时间</h4>



<pre class="wp-block-code"><code># vim /etc/audit/auditd.conf</code></pre>



<p>确保部分内容如下：</p>



<pre class="wp-block-code"><code>......
local_events = yes
......
write_logs = yes
......
log_file = /var/log/audit/audit.log
......
max_log_file = 8
......
num_logs =5
......
max_log_file_action = ROTATE
......</code></pre>



<p>（<br>补充：这里以<br>1) 开启 audit 日志 （local_events = yes） （write_logs = yes）<br>2) 将 audit 日志写入 /var/log/audit/audit.log 文件 （log_file = /var/log/audit/audit.log）<br>3) audit 日志每达到 8M 大小就将旧的 audit 日志进行备份并创建新的 audit 日志 （max_log_file = 8） （max_log_file_action = ROTATE），也可以修改成： max_log_file_action = keep_logs<br>4) 旧的 audit 日志保存 5 份 （num_logs =5）<br>为例<br>）</p>



<h4>1.2 让设置的 audit 时间生效</h4>



<pre class="wp-block-code"><code># service auditd restart</code></pre>



<h3>方法二：通过 logrotate 配置文件设置</h3>



<h4>2.1 设置 audit 日志的保存时间</h4>



<pre class="wp-block-code"><code># vim /etc/logrotate.d/auditd</code></pre>



<p>创建以下内容：</p>



<pre class="wp-block-code"><code>/var/log/audit/*
{
rotate 30
daily
missingok
compress
delaycompress
postrotate
touch /var/log/audit/audit.log ||:
chmod 0600 /var/log/audit/audit.log ||:
service auditd restart
endscript
}</code></pre>



<p>（<br>补充：这里以：<br>1) 备份的日志文件保留 30 份 （rotate 30）<br>2) 每天将现在的日志文件进行备份并生成新的日志文件 （dayly）<br>）</p>



<h4>2.2 让设置的 audit 时间生效</h4>



<pre class="wp-block-code"><code># systemctl restart logrotate.service</code></pre>
]]></content:encoded>
					
		
		
			</item>
		<item>
		<title>[步骤] audit 日志时间格式的转换</title>
		<link>./../../../../../../time-format-conversion/index.html</link>
		
		<dc:creator><![CDATA[Mingyu Zhu]]></dc:creator>
		<pubDate>Thu, 07 Jul 2022 08:00:02 +0000</pubDate>
				<category><![CDATA[Chinese (中文)]]></category>
		<category><![CDATA[Service (服务)]]></category>
		<category><![CDATA[SFTP]]></category>
		<category><![CDATA[Storage Service (存储服务)]]></category>
		<category><![CDATA[System (系统)]]></category>
		<category><![CDATA[System Directory (系统目录)]]></category>
		<category><![CDATA[System File (系统文件)]]></category>
		<category><![CDATA[System File Security (系统文件安全)]]></category>
		<category><![CDATA[System General Log (系统普通日志)]]></category>
		<category><![CDATA[System Log (系统日志)]]></category>
		<category><![CDATA[System Network & System Security & System Log (系统网络 & 系统安全 & 系统日志)]]></category>
		<category><![CDATA[System Operation & System Setting & System Software (系统操作 & 系统设置 & 系统软件)]]></category>
		<category><![CDATA[System Privilege Security (系统权限安全)]]></category>
		<category><![CDATA[System Security (系统安全)]]></category>
		<category><![CDATA[System Security Log (系统安全日志)]]></category>
		<category><![CDATA[System Setting (系统设置)]]></category>
		<category><![CDATA[System Storage (系统存储)]]></category>
		<category><![CDATA[System Storage & System Directory & System File (系统存储 & 系统目录 & 系统文件)]]></category>
		<guid isPermaLink="false">./../../../../../../index.html?p=26438</guid>

					<description><![CDATA[步骤一：创建用于 audit 转换日志时间格式的脚本 创建以下内容： （补充：这里以创建名为 time_format_conversion.pl 的用于转换 audit 日志时间格式的脚本为例） 步骤二：转换 audit 日志时间格式 或者： 或者： 或者： 或者： 或者： （补充：这里以使用名为 time_format_conversion.pl 的用于转换 audit 日志时间格式的脚本为例）]]></description>
										<content:encoded><![CDATA[
<h3>步骤一：创建用于 audit 转换日志时间格式的脚本</h3>



<pre class="wp-block-code"><code># vim time_format_conversion.pl</code></pre>



<p>创建以下内容：</p>



<pre class="wp-block-code"><code>s/(1\d{9})/localtime($1)/e</code></pre>



<p>（补充：这里以创建名为 time_format_conversion.pl 的用于转换 audit 日志时间格式的脚本为例）</p>



<h3>步骤二：转换 audit 日志时间格式</h3>



<pre class="wp-block-code"><code># cat /var/log/audit/audit.log | perl -p time_format_conversion.pl</code></pre>



<p>或者：</p>



<pre class="wp-block-code"><code># less /var/log/audit/audit.log | perl -p time_format_conversion.pl</code></pre>



<p>或者：</p>



<pre class="wp-block-code"><code># more /var/log/audit/audit.log | perl -p time_format_conversion.pl</code></pre>



<p>或者：</p>



<pre class="wp-block-code"><code># head /var/log/audit/audit.log | perl -p time_format_conversion.pl</code></pre>



<p>或者：</p>



<pre class="wp-block-code"><code># tail /var/log/audit/audit.log | perl -p time_format_conversion.pl</code></pre>



<p>或者：</p>



<pre class="wp-block-code"><code># tail -f /var/log/audit/audit.log | perl -p time_format_conversion.pl</code></pre>



<p>（补充：这里以使用名为 time_format_conversion.pl 的用于转换 audit 日志时间格式的脚本为例）</p>
]]></content:encoded>
					
		
		
			</item>
		<item>
		<title>[步骤] 文件或目录的监控 （audit 版）</title>
		<link>./../../../../../../monitor-directory-file-audit/index.html</link>
		
		<dc:creator><![CDATA[Mingyu Zhu]]></dc:creator>
		<pubDate>Tue, 05 Jul 2022 10:18:15 +0000</pubDate>
				<category><![CDATA[Chinese (中文)]]></category>
		<category><![CDATA[System (系统)]]></category>
		<category><![CDATA[System Directory (系统目录)]]></category>
		<category><![CDATA[System File (系统文件)]]></category>
		<category><![CDATA[System File Security (系统文件安全)]]></category>
		<category><![CDATA[System General Log (系统普通日志)]]></category>
		<category><![CDATA[System Log (系统日志)]]></category>
		<category><![CDATA[System Network & System Security & System Log (系统网络 & 系统安全 & 系统日志)]]></category>
		<category><![CDATA[System Operation & System Setting & System Software (系统操作 & 系统设置 & 系统软件)]]></category>
		<category><![CDATA[System Privilege (系统权限)]]></category>
		<category><![CDATA[System Privilege Security (系统权限安全)]]></category>
		<category><![CDATA[System Security (系统安全)]]></category>
		<category><![CDATA[System Security Log (系统安全日志)]]></category>
		<category><![CDATA[System Setting (系统设置)]]></category>
		<category><![CDATA[System Storage (系统存储)]]></category>
		<category><![CDATA[System Storage & System Directory & System File (系统存储 & 系统目录 & 系统文件)]]></category>
		<category><![CDATA[System User & System Privilege (系统用户 & 系统权限)]]></category>
		<guid isPermaLink="false">./../../../../../../index.html?p=26264</guid>

					<description><![CDATA[步骤一：使用 audit 监控文件或目录 1.1 在 audit 的策略里添加要监控的目录或文件 1.1.1 案例一：监控某个目录以及目录下的目录和文件 添加以下内容： （补充：这里以监控目录 /tmp 里的目录和文件为例） 1.1.2 案例二：监控某个文件 添加以下内容： （补充：这里以监控目录 /dev/null 文件为例） 1.2 让监控目录或文件的配置生效 步骤二：显示 audit 监控记录 （补充：记录里的1) nametype=CREATE 字段代表创建2) nametype=NORMAL 字段代表普通3) nametype=DELETE 字段代表删除） 或者： （补充：这里以显示文件被修改的记录为例）]]></description>
										<content:encoded><![CDATA[
<h3>步骤一：使用 audit 监控文件或目录</h3>



<h4>1.1 在 audit 的策略里添加要监控的目录或文件</h4>



<h5>1.1.1 案例一：监控某个目录以及目录下的目录和文件</h5>



<pre class="wp-block-code"><code># vim /etc/audit/rules.d/audit.rules</code></pre>



<p>添加以下内容：</p>



<pre class="wp-block-code"><code>......
-a exit,always -F dir=/tmp -F perm=rwxa</code></pre>



<p>（补充：这里以监控目录 /tmp 里的目录和文件为例）</p>



<h5>1.1.2 案例二：监控某个文件</h5>



<pre class="wp-block-code"><code># vim /etc/audit/rules.d/audit.rules</code></pre>



<p>添加以下内容：</p>



<pre class="wp-block-code"><code>......
-a exit,always -S unlink -S unlinkat -S rmdir -S rename -S renameat -F path=/dev/null</code></pre>



<p>（补充：这里以监控目录 /dev/null 文件为例）</p>



<h4>1.2 让监控目录或文件的配置生效</h4>



<pre class="wp-block-code"><code># service auditd restart</code></pre>



<h3>步骤二：显示 audit 监控记录</h3>



<pre class="wp-block-code"><code># cat /var/log/audit</code></pre>



<p>（<br>补充：记录里的<br>1) nametype=CREATE 字段代表创建<br>2) nametype=NORMAL 字段代表普通<br>3) nametype=DELETE 字段代表删除<br>）</p>



<p>或者：</p>



<pre class="wp-block-code"><code># sudo ausearch -i -k user-modify</code></pre>



<p>（补充：这里以显示文件被修改的记录为例）</p>
]]></content:encoded>
					
		
		
			</item>
		<item>
		<title>[内容] Linux 命令安全的设置</title>
		<link>./../../../../../../command-secure/index.html</link>
		
		<dc:creator><![CDATA[Mingyu Zhu]]></dc:creator>
		<pubDate>Sat, 25 Jun 2022 13:37:57 +0000</pubDate>
				<category><![CDATA[Chinese (中文)]]></category>
		<category><![CDATA[System (系统)]]></category>
		<category><![CDATA[System File Security (系统文件安全)]]></category>
		<category><![CDATA[System Login Security (系统登录安全)]]></category>
		<category><![CDATA[System Network & System Security & System Log (系统网络 & 系统安全 & 系统日志)]]></category>
		<category><![CDATA[System Operation & System Setting & System Software (系统操作 & 系统设置 & 系统软件)]]></category>
		<category><![CDATA[System Privilege Security (系统权限安全)]]></category>
		<category><![CDATA[System Process Security (系统进程安全)]]></category>
		<category><![CDATA[System Security (系统安全)]]></category>
		<category><![CDATA[System Setting (系统设置)]]></category>
		<guid isPermaLink="false">./../../../../../../index.html?p=26174</guid>

					<description><![CDATA[确保以下目录的所属主和所属组是 root，且其它用户没有写入权限：]]></description>
										<content:encoded><![CDATA[
<p>确保以下目录的所属主和所属组是 root，且其它用户没有写入权限：</p>



<pre class="wp-block-code"><code># ls -ld /usr/local/bin /usr/local/sbin /usr/bin/ /usr/sbin
dr-xr-xr-x. 2 root root 53248 Jun 24 15:09 /usr/bin/
drwxr-xr-x. 3 root root  4096 Jun 21  2021 /usr/local/bin
drwxr-xr-x. 2 root root     6 Jun 21  2021 /usr/local/sbin
dr-xr-xr-x. 2 root root 20480 Jun 24 15:09 /usr/sbin</code></pre>
]]></content:encoded>
					
		
		
			</item>
		<item>
		<title>[排错] 解决 Linux 执行 crontab -e 命令时报错 “You (&#8230;&#8230;) are not allowed to use this program (crontab)”</title>
		<link>./../../../../../../debug-you-are-not-allowed-to-use-this-program-crontab/index.html</link>
		
		<dc:creator><![CDATA[Mingyu Zhu]]></dc:creator>
		<pubDate>Fri, 10 Jun 2022 10:07:51 +0000</pubDate>
				<category><![CDATA[Chinese (中文)]]></category>
		<category><![CDATA[System (系统)]]></category>
		<category><![CDATA[System File Security (系统文件安全)]]></category>
		<category><![CDATA[System Login Security (系统登录安全)]]></category>
		<category><![CDATA[System Network & System Security & System Log (系统网络 & 系统安全 & 系统日志)]]></category>
		<category><![CDATA[System Operation (系统操作)]]></category>
		<category><![CDATA[System Operation & System Setting & System Software (系统操作 & 系统设置 & 系统软件)]]></category>
		<category><![CDATA[System Performance (系统性能)]]></category>
		<category><![CDATA[System Port Security (系统端口安全)]]></category>
		<category><![CDATA[System Privilege (系统权限)]]></category>
		<category><![CDATA[System Process (系统进程)]]></category>
		<category><![CDATA[System Process & System Performance (系统进程 & 系统性能)]]></category>
		<category><![CDATA[System Process Security (系统进程安全)]]></category>
		<category><![CDATA[System Security (系统安全)]]></category>
		<category><![CDATA[System Setting (系统设置)]]></category>
		<category><![CDATA[System User (系统用户)]]></category>
		<category><![CDATA[System User & System Privilege (系统用户 & 系统权限)]]></category>
		<guid isPermaLink="false">./../../../../../../index.html?p=23780</guid>

					<description><![CDATA[解决方法 如果在系统中没有 /etc/cron.deny 配置文件，在 /etc/cron.allow 配置文件中添加要使用 crontab -e 命令的用户 添加以下内容： （补充：这里以添加用户 zhumingyu 为例） 如果在系统中没有 /etc/cron.allow 配置文件，在 /etc/cron.allow 配置文件中删除要使用 crontab -e 命令的用户 删除以下内容： （补充：这里以删除用户 zhumingyu 为例）]]></description>
										<content:encoded><![CDATA[
<h2>解决方法</h2>



<p>如果在系统中没有 /etc/cron.deny 配置文件，在 /etc/cron.allow 配置文件中添加要使用 crontab -e 命令的用户</p>



<pre class="wp-block-code"><code># vim /etc/cron.allow</code></pre>



<p>添加以下内容：</p>



<pre class="wp-block-code"><code>......
zhumingyu</code></pre>



<p>（补充：这里以添加用户 zhumingyu 为例）</p>



<p>如果在系统中没有 /etc/cron.allow 配置文件，在 /etc/cron.allow 配置文件中删除要使用 crontab -e 命令的用户</p>



<pre class="wp-block-code"><code># vim /etc/cron.allow</code></pre>



<p>删除以下内容：</p>



<pre class="wp-block-code"><code>......
zhumingyu
......</code></pre>



<p>（补充：这里以删除用户 zhumingyu 为例）</p>
]]></content:encoded>
					
		
		
			</item>
		<item>
		<title>[内容] Linux 目录的重新挂载</title>
		<link>./../../../../../../remount/index.html</link>
		
		<dc:creator><![CDATA[Mingyu Zhu]]></dc:creator>
		<pubDate>Thu, 09 Jun 2022 11:16:53 +0000</pubDate>
				<category><![CDATA[Chinese (中文)]]></category>
		<category><![CDATA[System (系统)]]></category>
		<category><![CDATA[System Directory (系统目录)]]></category>
		<category><![CDATA[System File (系统文件)]]></category>
		<category><![CDATA[System File Security (系统文件安全)]]></category>
		<category><![CDATA[System Network & System Security & System Log (系统网络 & 系统安全 & 系统日志)]]></category>
		<category><![CDATA[System Privilege Security (系统权限安全)]]></category>
		<category><![CDATA[System Process Security (系统进程安全)]]></category>
		<category><![CDATA[System Security (系统安全)]]></category>
		<category><![CDATA[System Storage (系统存储)]]></category>
		<category><![CDATA[System Storage & System Directory & System File (系统存储 & 系统目录 & 系统文件)]]></category>
		<guid isPermaLink="false">./../../../../../../index.html?p=23734</guid>

					<description><![CDATA[内容一：手动重新挂载目录 （补充：这里以带 nosuid、nodev 和 noexec 参数重新挂载 /dev/shm 目录为例） 内容二：开机自动重新挂载目录 添加以下内容： （补充：这里以带 nosuid、nodev 和 noexec 参数重新挂载 /dev/shm 目录为例）]]></description>
										<content:encoded><![CDATA[
<h3>内容一：手动重新挂载目录</h3>



<pre class="wp-block-code"><code># mount -o remount,nosuid,nodev,noexec /dev/shm</code></pre>



<p>（补充：这里以带 nosuid、nodev 和 noexec 参数重新挂载 /dev/shm 目录为例）</p>



<h3>内容二：开机自动重新挂载目录</h3>



<pre class="wp-block-code"><code># vim /etc/fstab</code></pre>



<p>添加以下内容：</p>



<pre class="wp-block-code"><code>......
tmpfs /dev/shm tmpfs defaults,nosuid,nodev,noexec 0 0</code></pre>



<p>（补充：这里以带 nosuid、nodev 和 noexec 参数重新挂载 /dev/shm 目录为例）</p>
]]></content:encoded>
					
		
		
			</item>
		<item>
		<title>[内容] Linux 某个所属组里有哪些用户的显示</title>
		<link>./../../../../../../group-display/index.html</link>
		
		<dc:creator><![CDATA[Mingyu Zhu]]></dc:creator>
		<pubDate>Wed, 08 Jun 2022 02:50:05 +0000</pubDate>
				<category><![CDATA[Chinese (中文)]]></category>
		<category><![CDATA[System (系统)]]></category>
		<category><![CDATA[System File (系统文件)]]></category>
		<category><![CDATA[System File Security (系统文件安全)]]></category>
		<category><![CDATA[System Login Security (系统登录安全)]]></category>
		<category><![CDATA[System Network & System Security & System Log (系统网络 & 系统安全 & 系统日志)]]></category>
		<category><![CDATA[System Operation (系统操作)]]></category>
		<category><![CDATA[System Operation & System Setting & System Software (系统操作 & 系统设置 & 系统软件)]]></category>
		<category><![CDATA[System Privilege (系统权限)]]></category>
		<category><![CDATA[System Privilege Security (系统权限安全)]]></category>
		<category><![CDATA[System Process Security (系统进程安全)]]></category>
		<category><![CDATA[System Security (系统安全)]]></category>
		<category><![CDATA[System Storage (系统存储)]]></category>
		<category><![CDATA[System Storage & System Directory & System File (系统存储 & 系统目录 & 系统文件)]]></category>
		<category><![CDATA[System User (系统用户)]]></category>
		<category><![CDATA[System User & System Privilege (系统用户 & 系统权限)]]></category>
		<guid isPermaLink="false">./../../../../../../index.html?p=23715</guid>

					<description><![CDATA[方法一：通过 /etc/group 配置文件显示某个附属所属组里有哪些用户 （注意：此方法并不能显示出把这些所属组当作主要所属组的用户） 方法二：通过 /etc/passwd 配置文件和 id 命令等显示主要所属组和附属所属组 （补充：可以通过肉眼比对此命令的输出结果来判断其主要所属组和附属所属组）]]></description>
										<content:encoded><![CDATA[
<h3>方法一：通过 /etc/group 配置文件显示某个附属所属组里有哪些用户</h3>



<pre class="wp-block-code"><code># cat /etc/group</code></pre>



<p>（注意：此方法并不能显示出把这些所属组当作主要所属组的用户）</p>



<h3>方法二：通过 /etc/passwd 配置文件和 id 命令等显示主要所属组和附属所属组</h3>



<pre class="wp-block-code"><code># for i in `cat /etc/passwd | egrep -v "nologin$|false$|half|sync|shutdown|halt" | awk -F: '{print $1}'`; do id $i; done | sort -k2</code></pre>



<p>（补充：可以通过肉眼比对此命令的输出结果来判断其主要所属组和附属所属组）</p>
]]></content:encoded>
					
		
		
			</item>
		<item>
		<title>[步骤] Linux 软硬链接保护的开启 （防止通过软硬链接执行无权限执行的文件）</title>
		<link>./../../../../../../opening-of-soft-and-hard-link-protection/index.html</link>
		
		<dc:creator><![CDATA[Mingyu Zhu]]></dc:creator>
		<pubDate>Sat, 14 May 2022 14:41:31 +0000</pubDate>
				<category><![CDATA[Chinese (中文)]]></category>
		<category><![CDATA[System (系统)]]></category>
		<category><![CDATA[System File (系统文件)]]></category>
		<category><![CDATA[System File Security (系统文件安全)]]></category>
		<category><![CDATA[System Operation & System Setting & System Software (系统操作 & 系统设置 & 系统软件)]]></category>
		<category><![CDATA[System Security (系统安全)]]></category>
		<category><![CDATA[System Setting (系统设置)]]></category>
		<category><![CDATA[System Storage & System Directory & System File (系统存储 & 系统目录 & 系统文件)]]></category>
		<guid isPermaLink="false">./../../../../../../index.html?p=23561</guid>

					<description><![CDATA[步骤一：开启软硬链接保护 1.1 修改 /etc/sysctl.conf 文件 添加以下内容： 1.2 设置系统正在运行的 fs.protected_symlinks 参数和 fs.protected_hardlinks 参数 步骤二：显示软硬链接保护的开启状态 2.1 显示 /etc/sysctl.conf 文件里的 fs.protected_symlinks 参数和 fs.protected_hardlinks 参数 2.2 显示系统正在运行的 fs.protected_symlinks 参数和 fs.protected_hardlinks 参数]]></description>
										<content:encoded><![CDATA[
<h3>步骤一：开启软硬链接保护</h3>



<h4>1.1 修改 /etc/sysctl.conf 文件</h4>



<pre class="wp-block-code"><code># vim /etc/sysctl.conf</code></pre>



<p>添加以下内容：</p>



<pre class="wp-block-code"><code>......
fs.protected_hardlinks = 1
fs.protected_symlinks = 1</code></pre>



<h4>1.2 设置系统正在运行的 fs.protected_symlinks 参数和 fs.protected_hardlinks 参数</h4>



<pre class="wp-block-code"><code># sysctl -w fs.protected_symlinks = 1
# sysctl -w fs.protected_hardlinks = 1</code></pre>



<h3>步骤二：显示软硬链接保护的开启状态</h3>



<h4>2.1 显示 /etc/sysctl.conf 文件里的 fs.protected_symlinks 参数和 fs.protected_hardlinks 参数</h4>



<pre class="wp-block-code"><code># grep "fs\.protected_hardlinks" /etc/sysctl.conf /etc/sysctl.d/*
fs.protected_hardlinks = 1</code></pre>



<pre class="wp-block-code"><code># grep "fs\.protected_symlinks" /etc/sysctl.conf /etc/sysctl.d/*
fs.protected_symlinks = 1</code></pre>



<h4>2.2 显示系统正在运行的 fs.protected_symlinks 参数和 fs.protected_hardlinks 参数</h4>



<pre class="wp-block-code"><code># sysctl fs.protected_symlinks
fs.protected_symlinks = 1
# sysctl fs.protected_hardlinks
fs.protected_hardlinks = 1</code></pre>
]]></content:encoded>
					
		
		
			</item>
		<item>
		<title>[步骤] Linux 加密压缩 （tar 版）</title>
		<link>./../../../../../../encryption-compression-tar/index.html</link>
		
		<dc:creator><![CDATA[Mingyu Zhu]]></dc:creator>
		<pubDate>Mon, 15 Nov 2021 15:52:52 +0000</pubDate>
				<category><![CDATA[Chinese (中文)]]></category>
		<category><![CDATA[System (系统)]]></category>
		<category><![CDATA[System Directory (系统目录)]]></category>
		<category><![CDATA[System File (系统文件)]]></category>
		<category><![CDATA[System File Security (系统文件安全)]]></category>
		<category><![CDATA[System Network & System Security & System Log (系统网络 & 系统安全 & 系统日志)]]></category>
		<category><![CDATA[System Security (系统安全)]]></category>
		<category><![CDATA[System Storage (系统存储)]]></category>
		<category><![CDATA[System Storage & System Directory & System File (系统存储 & 系统目录 & 系统文件)]]></category>
		<guid isPermaLink="false">./../../../../../../index.html?p=18392</guid>

					<description><![CDATA[步骤一：创建测试文件 （补充：这里以创建 test.txt 文件为例） 步骤二：加密压缩文件或目录 2.1 交互式加密压缩文件或目录 （补充：1) 这里以将 test.txt 文件加密压缩成 test1.tar.gz （压缩）包为例2) 如果要以 bzip2 的格式进行压缩，则将命令中的 -zcf 换成 -jcvf 将 test1.tar.gz 换成 test1.tar.bz23) 如果要以 xz 的格式进行压缩，则将命令中的 -zcf 换成 -Jcvf 将 test1.tar.gz 换成 test1.tar.xz） 2.2 非交互式加密压缩文件或目录 （补充：1) 这里以将 test.txt 文件加密压缩成 test1.tar.gz （压缩）包并且将密码设置为 eternalcenter 为例2) 如果要以 bzip2 的格式进行压缩，则将命令中的 -zcf 换成 -jcvf 将 test1.tar.gz 换成 test2.tar.bz23) 如果要以 xz &#8230; <p class="link-more"><a href="./../../../../../../encryption-compression-tar/index.html" class="more-link">Continue reading<span class="screen-reader-text"> "[步骤] Linux 加密压缩 （tar 版）"</span></a></p>]]></description>
										<content:encoded><![CDATA[
<h3>步骤一：创建测试文件</h3>



<pre class="wp-block-code"><code># touch test.txt</code></pre>



<p>（补充：这里以创建 test.txt 文件为例）</p>



<h3>步骤二：加密压缩文件或目录</h3>



<h4>2.1 交互式加密压缩文件或目录</h4>



<pre class="wp-block-code"><code># tar -zcf - test.txt | openssl des3 -salt | dd of=test1.tar.gz
enter des-ede3-cbc encryption password:
Verifying - enter des-ede3-cbc encryption password:
*** WARNING : deprecated key derivation used.
Using -iter or -pbkdf2 would be better.
0+1 records in
0+1 records out
224 bytes copied, 7.04902 s, 0.0 kB/s</code></pre>



<p>（<br>补充：<br>1) 这里以将 test.txt 文件加密压缩成 test1.tar.gz （压缩）包为例<br>2) 如果要以 bzip2 的格式进行压缩，则将命令中的 -zcf 换成 -jcvf 将 test1.tar.gz 换成 test1.tar.bz2<br>3) 如果要以 xz 的格式进行压缩，则将命令中的 -zcf 换成 -Jcvf 将 test1.tar.gz 换成 test1.tar.xz<br>）</p>



<h4>2.2 非交互式加密压缩文件或目录</h4>



<pre class="wp-block-code"><code># tar -zcf - test.txt | openssl des3 -salt -f eternalcenter | dd of=test2.tar.gz
des3: Unrecognized flag f
des3: Use -help for summary.
0+0 records in
0+0 records out
0 bytes copied, 0.00376576 s, 0.0 kB/s</code></pre>



<p>（<br>补充：<br>1) 这里以将 test.txt 文件加密压缩成 test1.tar.gz （压缩）包并且将密码设置为 eternalcenter 为例<br>2) 如果要以 bzip2 的格式进行压缩，则将命令中的 -zcf 换成 -jcvf 将 test1.tar.gz 换成 test2.tar.bz2<br>3) 如果要以 xz 的格式进行压缩，则将命令中的 -zcf 换成 -Jcvf 将 test1.tar.gz 换成 test2.tar.xz<br>）</p>



<h3>步骤三：解压加密文件或目录</h3>



<h4>3.1 交互式解压加密文件或目录</h4>



<h5>3.1.1 删除原测试目录和里面的文件</h5>



<pre class="wp-block-code"><code># rm -rf test.txt</code></pre>



<p>（补充：这里以删除 test.txt 文件为例）</p>



<h5>3.1.2 交互式解压加密文件或目录</h5>



<pre class="wp-block-code"><code># dd if=test2.tar.gz | openssl des3 -d | tar zxf -
0+1 records in
0+1 records out
224 bytes copied, 0.000589721 s, 380 kB/s
enter des-ede3-cbc decryption password:
*** WARNING : deprecated key derivation used.
Using -iter or -pbkdf2 would be better.</code></pre>



<p>（<br>补充：<br>1) 这里以解压 test2.tar.gz （压缩）包为例<br>2) 如果是 bzip2 格式的（压缩）包，则将命令中的 -zxf 换成 -jcvf 将 test1.tar.gz 换成 test1.tar.bz2<br>3) 如果是 xz 格式的（压缩）包，则将命令中的 -zxf 换成 -Jcvf 将 test1.tar.gz 换成 test1.tar.xz<br>）</p>



<h4>3.2 非交互式解压加密文件或目录</h4>



<h5>3.2.1 删除原测试目录和里面的文件</h5>



<pre class="wp-block-code"><code># rm -rf test.txt</code></pre>



<p>（补充：这里以删除 test.txt 文件为例）</p>



<h5>3.2.2 非交互式解压加密文件或目录</h5>



<pre class="wp-block-code"><code># dd if=test1.tar.gz | openssl des3 -d -k eternalcenter | tar zxf -
0+1 records in
0+1 records out
224 bytes copied, 0.000574539 s, 390 kB/s
*** WARNING : deprecated key derivation used.
Using -iter or -pbkdf2 would be better.</code></pre>



<p>（<br>补充：<br>1) 这里以解压 test1.tar.gz （压缩）包并且解压密码为 eternalcenter 为例<br>2) 如果是 bzip2 格式的（压缩）包，则将命令中的 -zxf 换成 -jcvf 将 test1.tar.gz 换成 test1.tar.bz2<br>3) 如果是 xz 格式的（压缩）包，则将命令中的 -zxf 换成 -Jcvf 将 test1.tar.gz 换成 test1.tar.xz<br>）</p>
]]></content:encoded>
					
		
		
			</item>
		<item>
		<title>[步骤] Linux 加密压缩 （zip 版）</title>
		<link>./../../../../../../encryption-compression-zip/index.html</link>
		
		<dc:creator><![CDATA[Mingyu Zhu]]></dc:creator>
		<pubDate>Mon, 15 Nov 2021 15:48:09 +0000</pubDate>
				<category><![CDATA[Chinese (中文)]]></category>
		<category><![CDATA[System (系统)]]></category>
		<category><![CDATA[System Directory (系统目录)]]></category>
		<category><![CDATA[System File (系统文件)]]></category>
		<category><![CDATA[System File Security (系统文件安全)]]></category>
		<category><![CDATA[System Network & System Security & System Log (系统网络 & 系统安全 & 系统日志)]]></category>
		<category><![CDATA[System Security (系统安全)]]></category>
		<category><![CDATA[System Storage (系统存储)]]></category>
		<category><![CDATA[System Storage & System Directory & System File (系统存储 & 系统目录 & 系统文件)]]></category>
		<guid isPermaLink="false">./../../../../../../index.html?p=18388</guid>

					<description><![CDATA[步骤一：创建测试目录和测试文件 （补充：这里以创建 test 目录和里面的 test.txt 文件为例） 步骤二：加密压缩文件或目录 2.1 交互式加密压缩文件或目录 （补充：这里以将 test 目录和里面的 test.txt 文件加密压缩成 test1.zip （压缩）包为例） 2.2 非交互式加密解压文件或目录 （补充：这里以将 test 目录和里面的 test.txt 文件加密压缩成 test2.zip （压缩）包并且将密码设置为 eternalcenter 为例） 步骤三：解压加密文件或目录 3.1 交互式解压加密文件或目录 3.1.1 删除原测试目录和里面的文件 （补充：这里以删除 test 目录和里面的文件为例） 3.1.2 交互式解压加密文件或目录 （补充：这里以解压 test2.zip （压缩）包为例） 3.2 非交互式解压加密文件或目录 3.2.1 删除原测试目录和里面的文件 （补充：这里以删除 test 目录和里面的文件为例） 3.2.2 非交互式解压加密文件 （补充：这里以解压 test2.zip （压缩）包并且解压密码为 eternalcenter 为例）]]></description>
										<content:encoded><![CDATA[
<h3>步骤一：创建测试目录和测试文件</h3>



<pre class="wp-block-code"><code># mkdir test
# touch test/test.txt</code></pre>



<p>（补充：这里以创建 test 目录和里面的 test.txt 文件为例）</p>



<h3>步骤二：加密压缩文件或目录</h3>



<h4>2.1 交互式加密压缩文件或目录</h4>



<pre class="wp-block-code"><code># zip -re test1.zip test
Enter password: 
Verify password: 
  adding: test/ (stored 0%)
  adding: test/test.txt (stored 0%)</code></pre>



<p>（补充：这里以将 test 目录和里面的 test.txt 文件加密压缩成 test1.zip （压缩）包为例）</p>



<h4>2.2 非交互式加密解压文件或目录</h4>



<pre class="wp-block-code"><code># zip -rP eternalcenter test2.zip test
  adding: test/ (stored 0%)
  adding: test/test.txt (stored 0%)</code></pre>



<p>（补充：这里以将 test 目录和里面的 test.txt 文件加密压缩成 test2.zip （压缩）包并且将密码设置为 eternalcenter 为例）</p>



<h3>步骤三：解压加密文件或目录</h3>



<h4>3.1 交互式解压加密文件或目录</h4>



<h5>3.1.1 删除原测试目录和里面的文件</h5>



<pre class="wp-block-code"><code># rm -rf test</code></pre>



<p>（补充：这里以删除 test 目录和里面的文件为例）</p>



<h5>3.1.2 交互式解压加密文件或目录</h5>



<pre class="wp-block-code"><code># unzip test2.zip
Archive:  test2.zip
   creating: test/
&#91;test2.zip] test/test.txt password: 
 extracting: test/test.txt</code></pre>



<p>（补充：这里以解压 test2.zip （压缩）包为例）</p>



<h4>3.2 非交互式解压加密文件或目录</h4>



<h5>3.2.1 删除原测试目录和里面的文件</h5>



<pre class="wp-block-code"><code># rm -rf test</code></pre>



<p>（补充：这里以删除 test 目录和里面的文件为例）</p>



<h5>3.2.2 非交互式解压加密文件</h5>



<pre class="wp-block-code"><code># unzip -P eternalcenter test1.zip 
Archive:  test1.zip
   creating: test/
 extracting: test/test.txt  </code></pre>



<p>（补充：这里以解压 test2.zip （压缩）包并且解压密码为 eternalcenter 为例）</p>
]]></content:encoded>
					
		
		
			</item>
		<item>
		<title>[步骤] Linux rm 命令的监控</title>
		<link>./../../../../../../rm-monitor/index.html</link>
		
		<dc:creator><![CDATA[Mingyu Zhu]]></dc:creator>
		<pubDate>Sun, 07 Nov 2021 13:29:10 +0000</pubDate>
				<category><![CDATA[Chinese (中文)]]></category>
		<category><![CDATA[System (系统)]]></category>
		<category><![CDATA[System File (系统文件)]]></category>
		<category><![CDATA[System File Security (系统文件安全)]]></category>
		<category><![CDATA[System Network & System Security & System Log (系统网络 & 系统安全 & 系统日志)]]></category>
		<category><![CDATA[System Operation & System Setting & System Software (系统操作 & 系统设置 & 系统软件)]]></category>
		<category><![CDATA[System Security (系统安全)]]></category>
		<category><![CDATA[System Setting (系统设置)]]></category>
		<category><![CDATA[System Storage & System Directory & System File (系统存储 & 系统目录 & 系统文件)]]></category>
		<guid isPermaLink="false">./../../../../../../index.html?p=18208</guid>

					<description><![CDATA[步骤一：将原来的 rm 命令进行备份 步骤二：创建一个记录 rm 命令使用的脚本 步骤三：给记录 rm 命令使用的脚本执行权限 步骤四：下次使用 rm 命令后就可以监控 /var/log/rm_command.log 日志了 （步骤略）]]></description>
										<content:encoded><![CDATA[
<h3>步骤一：将原来的 rm 命令进行备份</h3>



<pre class="wp-block-code"><code># cp /usr/bin/rm  /usr/bin/rm.original</code></pre>



<h3>步骤二：创建一个记录 rm 命令使用的脚本</h3>



<pre class="wp-block-code"><code># cat /usr/bin/rm
#!/bin/bash
log=/var/log/rm_command.log
echo "The $$ is calling rm command" &gt;&gt; $log
echo "The full command is $*" &gt;&gt; $log
echo
echo "now use this command to get more information: /bin/ps axwwo user,pid,ppid,%cpu,%mem,vsz,rss,stat,time,cmd" &gt;&gt;$log
/bin/ps axwwo user,pid,ppid,%cpu,%mem,vsz,rss,stat,time,cmd &gt;&gt;$log
/usr/bin/rm.original $*
echo "============================================================" &gt;&gt;$log</code></pre>



<h3>步骤三：给记录 rm 命令使用的脚本执行权限</h3>



<pre class="wp-block-code"><code># chmod 755 /usr/bin/rm.original</code></pre>



<h3>步骤四：下次使用 rm 命令后就可以监控 /var/log/rm_command.log 日志了</h3>



<p>（步骤略）</p>
]]></content:encoded>
					
		
		
			</item>
		<item>
		<title>[步骤] SELinux  的启用 （openSUSE &#038; SLE  版） （不建议）</title>
		<link>./../../../../../../selinux-opensuse-sle/index.html</link>
		
		<dc:creator><![CDATA[Mingyu Zhu]]></dc:creator>
		<pubDate>Tue, 01 Jun 2021 08:50:14 +0000</pubDate>
				<category><![CDATA[Chinese (中文)]]></category>
		<category><![CDATA[SELinux]]></category>
		<category><![CDATA[System (系统)]]></category>
		<category><![CDATA[System File Security (系统文件安全)]]></category>
		<category><![CDATA[System Log (系统日志)]]></category>
		<category><![CDATA[System Network & System Security & System Log (系统网络 & 系统安全 & 系统日志)]]></category>
		<category><![CDATA[System Port Security (系统端口安全)]]></category>
		<category><![CDATA[System Process Security (系统进程安全)]]></category>
		<category><![CDATA[System Security (系统安全)]]></category>
		<category><![CDATA[System Security Log (系统安全日志)]]></category>
		<guid isPermaLink="false">./../../../../../../index.html?p=14516</guid>

					<description><![CDATA[软件准备： 在 SELinuxProject 的官网上下载 SELinux 策略 UseRefpolicy： https://github.com/SELinuxProject/refpolicy/wiki/UseRefpolicy 注意： 1) 如果使用此文的方法将 openSUSE &#38; SLE 的 SELinux 设置为 Enforcing 则系统将无法设置 IP 地址2) 如果使用此文的方法开启了 SELinux 并且将所有的布尔（boolean）值开启，则系统将无法关机，开启所有布尔值的方法：# for i in semanage boolean -l &#124; awk '{print $1}'; do echo $i;setsebool -P $i 1; done 正文： 步骤一：安装 SELinux 组件 步骤二：安装 SELinux 策略 2.1 解压包含 SELinux 策略的压缩包 （补充：这里以解压 refpolicy-2.20210203.tar.bz2 压缩包为例） &#8230; <p class="link-more"><a href="./../../../../../../selinux-opensuse-sle/index.html" class="more-link">Continue reading<span class="screen-reader-text"> "[步骤] SELinux  的启用 （openSUSE &#038; SLE  版） （不建议）"</span></a></p>]]></description>
										<content:encoded><![CDATA[
<h1 id="软件准备">软件准备：</h1>



<p>在 SELinuxProject 的官网上下载 SELinux 策略 UseRefpolicy：</p>



<p class="has-text-align-center"><a href="https://github.com/SELinuxProject/refpolicy/wiki/UseRefpolicy" target="_blank" rel="noreferrer noopener">https://github.com/SELinuxProject/refpolicy/wiki/UseRefpolicy</a></p>



<h1 id="注意">注意：</h1>



<p>1) 如果使用此文的方法将 openSUSE &amp; SLE 的 SELinux 设置为 Enforcing 则系统将无法设置 IP 地址<br>2) 如果使用此文的方法开启了 SELinux 并且将所有的布尔（boolean）值开启，则系统将无法关机，开启所有布尔值的方法：# for i in <code>semanage boolean -l | awk '{print $1}'</code>; do echo $i;setsebool -P $i 1; done</p>



<h1 id="正文">正文：</h1>



<h3 id="步骤一-安装-selinux-组件">步骤一：安装 SELinux 组件</h3>



<pre class="wp-block-code"><code># zypper in libselinux1 libsemanage1 libsepol-devel libsepol1 libselinux-devel mcstrans libselinux1-32bit policycoreutils checkpolicy libsemanage-devel setools-tcl setools-libs setools-java setools-devel setools-console selinux-tools python3-policycoreutils python3-selinux python3-semanage python3-setools restorecond</code></pre>



<h3 id="步骤二-安装-selinux-策略-2-1-解压包含-selinux-策略的压缩包">步骤二：安装 SELinux 策略</h3>



<h4 id="步骤二-安装-selinux-策略-2-1-解压包含-selinux-策略的压缩包">2.1 解压包含 SELinux 策略的压缩包</h4>



<pre class="wp-block-code"><code># tar -xvf refpolicy-2.20210203.tar.bz2</code></pre>



<p>（补充：这里以解压 refpolicy-2.20210203.tar.bz2 压缩包为例）</p>



<h4 id="2-2-将-selinux-策略移动到-selinux-配置文件的位置">2.2 将 SELinux 策略移动到 SELinux 配置文件的位置</h4>



<pre class="wp-block-code"><code># mv refpolicy /etc/selinux/</code></pre>



<h4 id="2-3-进入到和-selinux-策略相同目录下">2.3 进入到和 SELinux 策略相同目录下</h4>



<pre class="wp-block-code"><code># cd /etc/selinux/refpolicy/</code></pre>



<h4 id="2-4-显示-selinux-策略的安装手册">2.4 显示 SELinux 策略的安装手册</h4>



<pre class="wp-block-code"><code># cat INSTALL</code></pre>



<h4 id="2-5-创建-selinux-策略的配置文件">2.5 创建 SELinux 策略的配置文件</h4>



<pre class="wp-block-code"><code># make conf</code></pre>



<h4 id="2-6-创建-selinux-策略">2.6 创建 SELinux 策略</h4>



<pre class="wp-block-code"><code># make policy</code></pre>



<h4 id="2-7-编译-selinux-策略">2.7 编译 SELinux 策略</h4>



<pre class="wp-block-code"><code># make install</code></pre>



<h4 id="2-8-安装-selinux-策略">2.8 安装 SELinux 策略</h4>



<pre class="wp-block-code"><code># make load</code></pre>



<h3 id="步骤三-配置-selinux-配置文件-3-1-在-selinux-配置文件中将-selinux-设置为-permissive-状态">步骤三：配置 SELinux 配置文件</h3>



<h4 id="步骤三-配置-selinux-配置文件-3-1-在-selinux-配置文件中将-selinux-设置为-permissive-状态">3.1 在 SELinux 配置文件中将 SELinux 设置为 Permissive 状态</h4>



<pre class="wp-block-code"><code># vim /etc/selinux/config</code></pre>



<p>创建以下内容：</p>



<pre class="wp-block-code"><code># This file controls the state of SELinux on the system.
# SELINUX= can take one of these three values:
#     enforcing - SELinux security policy is enforced.
#     permissive - SELinux prints warnings instead of enforcing.
#     disabled - No SELinux policy is loaded.
SELINUX=permissive
# SELINUXTYPE= can take one of three values:
#     targeted - Targeted processes are protected,
#     minimum - Modification of targeted policy. Only selected processes are protected.
#     mls - Multi Level Security protection.
SELINUXTYPE=refpolicy</code></pre>



<h4 id="3-2-在系统内核中禁止使用-apparmor-使用-selinux-并且将-selinux-状态设置为-permissive-3-2-1-设置-grub-文件">3.2 在系统内核中禁止使用 AppArmor 使用 SELinux 并且将 SELinux 状态设置为 Permissive</h4>



<h5 id="3-2-在系统内核中禁止使用-apparmor-使用-selinux-并且将-selinux-状态设置为-permissive-3-2-1-设置-grub-文件">3.2.1 设置 /etc/default/grub 配置文件</h5>



<pre class="wp-block-code"><code># vim /etc/default/grub</code></pre>



<p>在这一行里：</p>



<pre class="wp-block-code"><code>GRUB_CMDLINE_LINUX_DEFAULT="......"</code></pre>



<pre class="wp-block-code"><code>添加以下内容：</code></pre>



<pre class="wp-block-code"><code>GRUB_CMDLINE_LINUX_DEFAULT="...... security=selinux selinux=1 enforcing=0"</code></pre>



<h5 id="3-2-2-让刚刚设置的-grub-文件生效">3.2.2 让刚刚设置的 /etc/default/grub 配置文件生效</h5>



<pre class="wp-block-code"><code># grub2-mkconfig -o /boot/grub2/grub.cfg</code></pre>



<h4 id="3-3-刷新系统内所有文件的标签">3.3 刷新系统内所有文件的标签</h4>



<pre class="wp-block-code"><code># restorecon -Rp /</code></pre>



<h3 id="步骤四-重启系统让-selinux-生效">步骤四：重启系统让 SELinux 生效</h3>



<pre class="wp-block-code"><code># reboot</code></pre>



<h1 id="参考文献">参考文献：</h1>



<p class="has-text-align-center">https://documentation.suse.com/sles/15-SP2/html/SLES-all/cha-selinux.html</p>
]]></content:encoded>
					
		
		
			</item>
		<item>
		<title>[内容] Linux SELinux 状态的设置</title>
		<link>./../../../../../../selinux-state/index.html</link>
		
		<dc:creator><![CDATA[Mingyu Zhu]]></dc:creator>
		<pubDate>Mon, 31 May 2021 13:37:41 +0000</pubDate>
				<category><![CDATA[Chinese (中文)]]></category>
		<category><![CDATA[SELinux]]></category>
		<category><![CDATA[System (系统)]]></category>
		<category><![CDATA[System File Security (系统文件安全)]]></category>
		<category><![CDATA[System Log (系统日志)]]></category>
		<category><![CDATA[System Network & System Security & System Log (系统网络 & 系统安全 & 系统日志)]]></category>
		<category><![CDATA[System Port Security (系统端口安全)]]></category>
		<category><![CDATA[System Process Security (系统进程安全)]]></category>
		<category><![CDATA[System Security (系统安全)]]></category>
		<category><![CDATA[System Security Log (系统安全日志)]]></category>
		<guid isPermaLink="false">./../../../../../../index.html?p=14456</guid>

					<description><![CDATA[内容一：SELinux 的状态 1) Disabled：完全关闭 SELinux2) Permissive：即使违反了策略也依旧可以执行，但是违反策略的记录会被记录在日志中3) Enforcing：如果违反了策略就不能之行 内容二：永久切换 SELinux 状态 2.1 将 SELinux 永久切换至 Disabled 状态 2.1.1 修改 SELinux 配置文件 将以下内容： 修改为： 2.1.2 重启系统 2.1.3 显示 SELinux 状态 2.2 将 SELinux 永久切换至 Permissive 状态 2.2.1 修改 SELinux 配置文件 将以下内容： 修改为： 2.2.2 重启系统 2.2.3 显示 SELinux 状态 2.3 将 SELinux 永久切换至 Enforcing 状态 2.3.1 修改 SELinux &#8230; <p class="link-more"><a href="./../../../../../../selinux-state/index.html" class="more-link">Continue reading<span class="screen-reader-text"> "[内容] Linux SELinux 状态的设置"</span></a></p>]]></description>
										<content:encoded><![CDATA[
<h3 id="内容一-selinux-的状态">内容一：SELinux 的状态</h3>



<p>1) Disabled：完全关闭 SELinux<br>2) Permissive：即使违反了策略也依旧可以执行，但是违反策略的记录会被记录在日志中<br>3) Enforcing：如果违反了策略就不能之行</p>



<h3 id="内容二-永久切换-selinux-状态-2-1-将-selinux-永久切换至-disabled-状态-2-1-1-修改-selinux-配置文件">内容二：永久切换 SELinux 状态</h3>



<h4 id="内容二-永久切换-selinux-状态-2-1-将-selinux-永久切换至-disabled-状态-2-1-1-修改-selinux-配置文件">2.1 将 SELinux 永久切换至 Disabled 状态</h4>



<h5 id="内容二-永久切换-selinux-状态-2-1-将-selinux-永久切换至-disabled-状态-2-1-1-修改-selinux-配置文件">2.1.1 修改 SELinux 配置文件</h5>



<pre class="wp-block-code"><code># vim /etc/selinux/config</code></pre>



<p>将以下内容：</p>



<pre class="wp-block-code"><code>......
SELINUX=......
......</code></pre>



<p>修改为：</p>



<pre class="wp-block-code"><code>......
SELINUX=disabled
......</code></pre>



<h5 id="2-1-2-重启系统">2.1.2 重启系统</h5>



<pre class="wp-block-code"><code># reboot</code></pre>



<h5 id="2-1-3-显示-selinux-状态">2.1.3 显示 SELinux 状态</h5>



<pre class="wp-block-code"><code># getenforce 
Disabled</code></pre>



<h4 id="2-2-将-selinux-永久切换至-permissive-状态-2-2-1-修改-selinux-配置文件">2.2 将 SELinux 永久切换至 Permissive 状态</h4>



<h5 id="2-2-将-selinux-永久切换至-permissive-状态-2-2-1-修改-selinux-配置文件">2.2.1 修改 SELinux 配置文件</h5>



<pre class="wp-block-code"><code># vim /etc/selinux/config</code></pre>



<p>将以下内容：</p>



<pre class="wp-block-code"><code>......
SELINUX=......
......</code></pre>



<p>修改为：</p>



<pre class="wp-block-code"><code>......
SELINUX=permissive
......</code></pre>



<h5 id="2-2-2-重启系统">2.2.2 重启系统</h5>



<pre class="wp-block-code"><code># reboot</code></pre>



<h5 id="2-2-3-显示-selinux-状态">2.2.3 显示 SELinux 状态</h5>



<pre class="wp-block-code"><code># getenforce 
Permissive</code></pre>



<h4 id="2-3-将-selinux-永久切换至-enforcing-状态-2-3-1-修改-selinux-配置文件">2.3 将 SELinux 永久切换至 Enforcing 状态</h4>



<h5 id="2-3-将-selinux-永久切换至-enforcing-状态-2-3-1-修改-selinux-配置文件">2.3.1 修改 SELinux 配置文件</h5>



<pre class="wp-block-code"><code># vim /etc/selinux/config</code></pre>



<p>将以下内容：</p>



<pre class="wp-block-code"><code>......
SELINUX=......
......</code></pre>



<p>修改为：</p>



<pre class="wp-block-code"><code>......
SELINUX=enforcing
......</code></pre>



<h5 id="2-3-2-重启系统">2.3.2 重启系统</h5>



<pre class="wp-block-code"><code># reboot</code></pre>



<h5 id="2-3-3-显示-selinux-状态">2.3.3 显示 SELinux 状态</h5>



<pre class="wp-block-code"><code># getenforce 
Enforcing</code></pre>



<h3 id="内容三-临时切换-selinux-状态-3-1-临时切换到-permissive-状态-3-1-1-临时切换到-permissive-状态">内容三：临时切换 SELinux 状态</h3>



<h4 id="内容三-临时切换-selinux-状态-3-1-临时切换到-permissive-状态-3-1-1-临时切换到-permissive-状态">3.1 临时切换到 Permissive 状态</h4>



<h5 id="内容三-临时切换-selinux-状态-3-1-临时切换到-permissive-状态-3-1-1-临时切换到-permissive-状态">3.1.1 临时切换到 Permissive 状态</h5>



<pre class="wp-block-code"><code># setenfoce 0</code></pre>



<p>（<br>注意：<br>1) 系统重启后失效<br>2) 只能从 Enforcing 状态切换到 Permissive 状态<br>）</p>



<h5 id="3-1-2-显示-selinux-状态">3.1.2 显示 SELinux 状态</h5>



<pre class="wp-block-code"><code># getenforce 
Permissive</code></pre>



<h4 id="3-2-临时切换到-enforcing-状态-3-2-1-临时切换到-enforcing-状态">3.2 临时切换到 Enforcing 状态</h4>



<h5 id="3-2-临时切换到-enforcing-状态-3-2-1-临时切换到-enforcing-状态">3.2.1 临时切换到 Enforcing 状态</h5>



<pre class="wp-block-code"><code># setenfoce 1</code></pre>



<p>（<br>注意：<br>1) 系统重启后失效<br>2) 只能从 Permissive 状态切换到 Enforcing 状态<br>）</p>



<h5 id="3-2-2-显示-selinux-状态">3.2.2 显示 SELinux 状态</h5>



<pre class="wp-block-code"><code># getenforce 
Enforcing</code></pre>



<p></p>
]]></content:encoded>
					
		
		
			</item>
		<item>
		<title>[步骤] AIDE 的使用 （高级入侵检测环境：Adevanced Intrusion Detection Environment） （openSUSE &#038; SLE 版）</title>
		<link>./../../../../../../aide-opensuse-sle/index.html</link>
		
		<dc:creator><![CDATA[Mingyu Zhu]]></dc:creator>
		<pubDate>Mon, 11 Jan 2021 07:57:13 +0000</pubDate>
				<category><![CDATA[Chinese (中文)]]></category>
		<category><![CDATA[System (系统)]]></category>
		<category><![CDATA[System File Security (系统文件安全)]]></category>
		<category><![CDATA[System Network & System Security & System Log (系统网络 & 系统安全 & 系统日志)]]></category>
		<category><![CDATA[System Security (系统安全)]]></category>
		<guid isPermaLink="false">./../../../../../../index.html?p=13210</guid>

					<description><![CDATA[步骤一：安装 AIDE 步骤二：生成 AIDE 的配置文件 2.1 生成 AIDE 配置文件的模板 2.2 将 AIDE 配置文件的模板转换成配置文件 步骤三：使用 AIDE （补充：AIDE 要检查哪些文件不检查哪些文件可以在 /etc/aide.conf 中设置）]]></description>
										<content:encoded><![CDATA[
<h3>步骤一：安装 AIDE</h3>



<pre class="wp-block-code"><code># zypper -n install aide</code></pre>



<h3>步骤二：生成 AIDE 的配置文件</h3>



<h4>2.1 生成 AIDE 配置文件的模板</h4>



<pre class="wp-block-code"><code># /usr/bin/aide --init
AIDE initialized database at /var/lib/aide/aide.db.new

Number of entries:      62624</code></pre>



<h4>2.2 将 AIDE 配置文件的模板转换成配置文件</h4>



<pre class="wp-block-code"><code># mv /var/lib/aide/aide.db.new /var/lib/aide/aide.db</code></pre>



<h3>步骤三：使用 AIDE</h3>



<pre class="wp-block-code"><code># /usr/bin/aide --check
AIDE found differences between database and filesystem!!

Summary:
  Total number of entries:      62623
  Added entries:                0
  Removed entries:              1
  Changed entries:              0</code></pre>



<p>（补充：AIDE 要检查哪些文件不检查哪些文件可以在 /etc/aide.conf 中设置）</p>
]]></content:encoded>
					
		
		
			</item>
		<item>
		<title>[内容] Linux acl 权限</title>
		<link>./../../../../../../acl/index.html</link>
		
		<dc:creator><![CDATA[Mingyu Zhu]]></dc:creator>
		<pubDate>Mon, 27 Jul 2020 14:13:44 +0000</pubDate>
				<category><![CDATA[Chinese (中文)]]></category>
		<category><![CDATA[System (系统)]]></category>
		<category><![CDATA[System Directory (系统目录)]]></category>
		<category><![CDATA[System File (系统文件)]]></category>
		<category><![CDATA[System File Security (系统文件安全)]]></category>
		<category><![CDATA[System Network & System Security & System Log (系统网络 & 系统安全 & 系统日志)]]></category>
		<category><![CDATA[System Privilege (系统权限)]]></category>
		<category><![CDATA[System Privilege Security (系统权限安全)]]></category>
		<category><![CDATA[System Security (系统安全)]]></category>
		<category><![CDATA[System Storage & System Directory & System File (系统存储 & 系统目录 & 系统文件)]]></category>
		<category><![CDATA[System User & System Privilege (系统用户 & 系统权限)]]></category>
		<guid isPermaLink="false">./../../../../../../index.html?p=10342</guid>

					<description><![CDATA[案例一：给某一个文件或目录添加 acl 1.1 给某一个文件或目录添加一个用户的 acl （补充：这里以在 /var 目录上给 zhumingyu 用户设置读和执行的 acl 权限为例） 1.2 给某一个文件或目录添加一个组的 acl （补充：这里以在 /var 目录上给 zhumingyu 组设置读和执行的 acl 权限为例） 1.3 递归给某一个目录和目录里的所有内容添加一个 acl （补充：这里以在 /var 目录上递归给 zhumingyu 组设置读和执行的 acl 权限为例） 案例二：删除某一个文件或目录的 acl 2.1 删除某一个文件或目录一个用户的 acl （补充：这里以在 /var 目录上删除 zhumingyu 用户的 acl 权限为例） 2.2 删除某一个文件或目录一个组的 acl （补充：这里以在 /var 目录上删除 zhumingyu 组的 acl 权限为例） 2.3 &#8230; <p class="link-more"><a href="./../../../../../../acl/index.html" class="more-link">Continue reading<span class="screen-reader-text"> "[内容] Linux acl 权限"</span></a></p>]]></description>
										<content:encoded><![CDATA[
<h3 id="案例一-给某一个文件或目录添加-acl1-1-给某一个文件或目录添加一个用户的-acl">案例一：给某一个文件或目录添加 acl</h3>



<h4 id="案例一-给某一个文件或目录添加-acl1-1-给某一个文件或目录添加一个用户的-acl">1.1 给某一个文件或目录添加一个用户的 acl</h4>



<pre class="wp-block-code"><code># setfacl -m u:zhumingyu:r-x /var</code></pre>



<p>（补充：这里以在 /var 目录上给 zhumingyu 用户设置读和执行的 acl 权限为例）</p>



<h4 id="1-2-给某一个文件或目录添加一个组的-acl">1.2 给某一个文件或目录添加一个组的 acl</h4>



<pre class="wp-block-code"><code># setfacl -m g:zhumingyu:r-x /var</code></pre>



<p>（补充：这里以在 /var 目录上给 zhumingyu 组设置读和执行的 acl 权限为例）</p>



<h4 id="1-3-递归给某一个目录和目录里的所有内容添加一个-acl">1.3 递归给某一个目录和目录里的所有内容添加一个 acl</h4>



<pre class="wp-block-code"><code># setfacl -Rm u:zhumingyu:r-x /var</code></pre>



<p>（补充：这里以在 /var 目录上递归给 zhumingyu 组设置读和执行的 acl 权限为例）</p>



<h3 id="案例二-删除某一个文件或目录的-acl2-1-删除某一个文件或目录一个用户的-acl">案例二：删除某一个文件或目录的 acl</h3>



<h4 id="案例二-删除某一个文件或目录的-acl2-1-删除某一个文件或目录一个用户的-acl">2.1 删除某一个文件或目录一个用户的 acl</h4>



<pre class="wp-block-code"><code># setfacl -x u:zhumingyu /var</code></pre>



<p>（补充：这里以在 /var 目录上删除 zhumingyu 用户的 acl 权限为例）</p>



<h4 id="2-2-删除某一个文件或目录一个组的-acl">2.2 删除某一个文件或目录一个组的 acl</h4>



<pre class="wp-block-code"><code># setfacl -x g:zhumingyu /var</code></pre>



<p>（补充：这里以在 /var 目录上删除 zhumingyu 组的 acl 权限为例）</p>



<h4 id="2-3-删除某一个文件或目录的所有-acl">2.3 删除某一个文件或目录的所有 acl</h4>



<pre class="wp-block-code"><code># setfacl -b /var</code></pre>



<p>（补充：这里以在 /var 目录上删除所有 acl 权限为例）</p>



<h4 id="2-4-递归删除某一个文件或目录的-acl">2.4 递归删除某一个文件或目录的 acl</h4>



<pre class="wp-block-code"><code># setfacl -Rx u:zhumingyu:r-x /var</code></pre>



<p>（补充：这里以在 /var 目录上递归删除 zhumingyu 用户的 acl 权限为例）</p>



<h4 id="2-5-递归删除某一个文件或目录的所有-acl">2.5 递归删除某一个文件或目录的所有 acl</h4>



<pre class="wp-block-code"><code># setfacl -Rb /var</code></pre>



<p>（补充：这里以在 /var 目录上递归删除所有 acl 权限为例）</p>



<h3 id="案例三-查看某一个文件或目录的-acl">案例三：显示某一个文件或目录的 acl</h3>



<pre class="wp-block-code"><code># getfacl /var</code></pre>



<p>（补充：这里以显示 /var 目录的 acl 权限为例）</p>



<h3 id="案例四-备份和还原某一个文件或目录的-acl4-1-备份某一个文件或目录的-acl">案例四：备份和还原某一个文件或目录的 acl</h3>



<h4 id="案例四-备份和还原某一个文件或目录的-acl4-1-备份某一个文件或目录的-acl">4.1 备份某一个文件或目录的 acl</h4>



<pre class="wp-block-code"><code># getfacl -R /var &gt; /acl.backup</code></pre>



<p>（补充：这里以备份 /var 目录的 acl 权限为例）</p>



<h4 id="4-2-还原某一给文件或目录的-acl">4.2 还原某一给文件或目录的 acl</h4>



<pre class="wp-block-code"><code># setfacl --restore /acl.backup</code></pre>



<p>（补充：这里以还原 /var 目录的 acl 权限为例）</p>
]]></content:encoded>
					
		
		
			</item>
		<item>
		<title>[内容] Linux SELinux 标签的设置</title>
		<link>./../../../../../../selinux-label/index.html</link>
		
		<dc:creator><![CDATA[Mingyu Zhu]]></dc:creator>
		<pubDate>Sat, 25 Jul 2020 07:11:03 +0000</pubDate>
				<category><![CDATA[Chinese (中文)]]></category>
		<category><![CDATA[SELinux]]></category>
		<category><![CDATA[System (系统)]]></category>
		<category><![CDATA[System File Security (系统文件安全)]]></category>
		<category><![CDATA[System Log (系统日志)]]></category>
		<category><![CDATA[System Network & System Security & System Log (系统网络 & 系统安全 & 系统日志)]]></category>
		<category><![CDATA[System Port Security (系统端口安全)]]></category>
		<category><![CDATA[System Process Security (系统进程安全)]]></category>
		<category><![CDATA[System Security (系统安全)]]></category>
		<category><![CDATA[System Security Log (系统安全日志)]]></category>
		<guid isPermaLink="false">./../../../../../../index.html?p=10257</guid>

					<description><![CDATA[内容一：开启 SELinux 标签 1.1 修改 SELinux 配置文件 将以下内容： 修改为： 或者： 1.2 重启系统 内容二：SELinux 的常见特性 2.1 SELinux 特性一：创建的文件或目录会自动继承其父目录的 SELinux 标签 2.1.1 在 /var/www/html/ 目录下新创建 index.html 文件 （补充：这里以在 /var/www/html/ 目录下生成 index.html 文件为例） 2.1.2 显示 /var/www/html/ 目录的 SELinux 标签 2.1.3 显示新生成的 /var/www/html/index.html 标签 （补充：从内容 1.1.2 和内容 1.1.3 命令的结果可以看出新生成的文件或其父目录的 SELinux 标签一致） 2.2 SELinux 特性二：移动文件或目录和保留属性复制文件或目录不会改变其 SELinux 标签，普通复制会改变 SELinux 标签 2.2.1 &#8230; <p class="link-more"><a href="./../../../../../../selinux-label/index.html" class="more-link">Continue reading<span class="screen-reader-text"> "[内容] Linux SELinux 标签的设置"</span></a></p>]]></description>
										<content:encoded><![CDATA[
<h3 id="内容一-开启-selinux-标签1-1-修改-selinux-配置文件">内容一：开启 SELinux 标签</h3>



<h4 id="内容一-开启-selinux-标签1-1-修改-selinux-配置文件">1.1 修改 SELinux 配置文件</h4>



<pre class="wp-block-code"><code># vim /etc/selinux/config</code></pre>



<p>将以下内容：</p>



<pre class="wp-block-code"><code>......
SELINUX=disabled
......</code></pre>



<p>修改为：</p>



<pre class="wp-block-code"><code>......
SELINUX=enforcing
......</code></pre>



<p>或者：</p>



<pre class="wp-block-code"><code>......
SELINUX=perssive
......</code></pre>



<h4 id="1-2-重启系统">1.2 重启系统</h4>



<pre class="wp-block-code"><code># reboot</code></pre>



<h3 id="内容二-selinux-的常见特性2-1-selinux-特性一-创建的文件或目录会自动继承其父目录的-selinux-标签2-1-1-在-var-www-html-目录下新创建-index-html-文件">内容二：SELinux 的常见特性</h3>



<h4 id="内容二-selinux-的常见特性2-1-selinux-特性一-创建的文件或目录会自动继承其父目录的-selinux-标签2-1-1-在-var-www-html-目录下新创建-index-html-文件">2.1 SELinux 特性一：创建的文件或目录会自动继承其父目录的 SELinux 标签</h4>



<h5 id="内容二-selinux-的常见特性2-1-selinux-特性一-创建的文件或目录会自动继承其父目录的-selinux-标签2-1-1-在-var-www-html-目录下新创建-index-html-文件">2.1.1 在 /var/www/html/ 目录下新创建 index.html 文件</h5>



<pre class="wp-block-code"><code># echo website &gt; /var/www/html/index.html</code></pre>



<p>（补充：这里以在 /var/www/html/ 目录下生成 index.html 文件为例）</p>



<h5 id="2-1-2-显示-var-www-html-目录的-selinux-标签">2.1.2 显示 /var/www/html/ 目录的 SELinux 标签</h5>



<pre class="wp-block-code"><code># ls -dZ /var/www/html/
unconfined_u:object_r:httpd_sys_content_t:s0 index.html</code></pre>



<h5 id="2-1-3-显示新生成的-var-www-html-index-html-标签">2.1.3 显示新生成的 /var/www/html/index.html 标签</h5>



<pre class="wp-block-code"><code># ls -Z /var/www/html/index.html/index.html 
unconfined_u:object_r:httpd_sys_content_t:s0 index.html</code></pre>



<p>（补充：从内容 1.1.2 和内容 1.1.3 命令的结果可以看出新生成的文件或其父目录的 SELinux 标签一致）</p>



<h4 id="2-2-selinux-特性二-移动文件或目录和保留属性复制文件或目录不会改变其-selinux-标签-普通复制会改变-selinux-标签2-2-1-在-tmp-目录下新创建-file1-file2-file3-文件">2.2 SELinux 特性二：移动文件或目录和保留属性复制文件或目录不会改变其 SELinux 标签，普通复制会改变 SELinux 标签</h4>



<h5 id="2-2-selinux-特性二-移动文件或目录和保留属性复制文件或目录不会改变其-selinux-标签-普通复制会改变-selinux-标签2-2-1-在-tmp-目录下新创建-file1-file2-file3-文件">2.2.1 在 /tmp/ 目录下新创建 file1，file2，file3 文件</h5>



<pre class="wp-block-code"><code># touch /tmp/file{1,2,3}</code></pre>



<h5 id="2-2-2-显示-ls-zd-tmp-目录的-selinux-标签">2.2.2 显示 /tmp 目录的 selinux 标签</h5>



<pre class="wp-block-code"><code># ls -Zd /tmp
unconfined_u:object_r:user_tmp_t:s0 /tmp/</code></pre>



<h5 id="2-2-3-显示新创建文件的标签">2.2.3 显示新创建文件的标签</h5>



<pre class="wp-block-code"><code># ls -Z /tmp/file*
unconfined_u:object_r:user_tmp_t:s0 /tmp/file1  unconfined_u:object_r:user_tmp_t:s0 /tmp/file2
unconfined_u:object_r:user_tmp_t:s0 /tmp/file3</code></pre>



<h5 id="2-2-4-将-tmp-file1-复制到-var-www-html">2.2.4 将 /tmp/file1 复制到 /var/www/html/</h5>



<pre class="wp-block-code"><code># cp /tmp/file1 /var/www/html/</code></pre>



<h5 id="2-2-5-将-tmp-file2-移动到-var-www-html">2.2.5 将 /tmp/file2 移动到 /var/www/html/</h5>



<pre class="wp-block-code"><code># mv /tmp/file2 /var/www/html/</code></pre>



<h5 id="2-2-6-将-tmp-file2-复制到-var-www-html-并使用-a-选项保留文件属性">2.2.6 将 /tmp/file2 复制到 /var/www/html/，并使用 -a 选项保留文件属性</h5>



<pre class="wp-block-code"><code># cp -a /tmp/file3 /var/www/html/</code></pre>



<h5 id="2-2-7-显示这些文件的-selinux-标签">2.2.7 显示这些文件的 SELinux 标签</h5>



<pre class="wp-block-code"><code># ls -Z /var/www/html/file*
unconfined_u:object_r:httpd_sys_content_t:s0 file1           unconfined_u:object_r:user_tmp_t:s0 file3
unconfined_u:object_r:user_tmp_t:s0 file2</code></pre>



<p>（补充：从内容 2.2.3 和内容 2.2.7 命令的结果可以看出只有普通复制会改变 SELinux 标签 ）</p>



<h3 id="内容三-显示某个文件-目录或进程-selinux-标签3-1-显示某个文件-selinux-标签">内容三：显示某个文件、目录或进程 SELinux 标签</h3>



<h4 id="内容三-显示某个文件-目录或进程-selinux-标签3-1-显示某个文件-selinux-标签">3.1 显示某个文件 SELinux 标签</h4>



<pre class="wp-block-code"><code># ls -Z &lt;file&gt;</code></pre>



<h4 id="3-2-显示某个目录-selinux-标签">3.2 显示某个目录 SELinux 标签</h4>



<pre class="wp-block-code"><code># ls -Zd &lt;directory&gt;</code></pre>



<h4 id="3-3-显示某个进程-selinux-标签">3.3 显示某个进程 SELinux 标签</h4>



<pre class="wp-block-code"><code># ps -auxZ | grep &lt;process&gt;</code></pre>



<h3 id="内容四-显示所有-selinux-标签4-1-显示所有文件和目录的-selinux-标签">内容四：显示所有 SELinux 标签</h3>



<h4 id="内容四-显示所有-selinux-标签4-1-显示所有文件和目录的-selinux-标签">4.1 显示所有文件和目录的 SELinux 标签</h4>



<pre class="wp-block-code"><code># semanage fcontext -l</code></pre>



<p>（注意：需要单独安装 policycoreutils-python-utils 后才能使用 semanage 命令）</p>



<h4 id="4-2-显示所有端口的-selinux-标签">4.2 显示所有端口的 SELinux 标签</h4>



<pre class="wp-block-code"><code># semanage port -l</code></pre>



<p>（注意：需要单独安装 policycoreutils-python-utils 后才能使用 semanage 命令）</p>



<h4 id="4-3-显示所有进程的-selinux-标签">4.3 显示所有进程的 SELinux 标签</h4>



<pre class="wp-block-code"><code># ps -auxZ</code></pre>



<h3 id="内容五-设置-selinux-标签5-1-设置文件和目录-selinux-标签5-1-1-使用-semanage-fcontext-命令和-restorecon-命令设置文件和目录的-selinux-标签5-1-1-1-semanage-fcontext-命令的常用选项">内容五：设置 SELinux 标签</h3>



<h4 id="内容五-设置-selinux-标签5-1-设置文件和目录-selinux-标签5-1-1-使用-semanage-fcontext-命令和-restorecon-命令设置文件和目录的-selinux-标签5-1-1-1-semanage-fcontext-命令的常用选项">5.1 设置文件和目录 SELinux 标签</h4>



<h5 id="内容五-设置-selinux-标签5-1-设置文件和目录-selinux-标签5-1-1-使用-semanage-fcontext-命令和-restorecon-命令设置文件和目录的-selinux-标签5-1-1-1-semanage-fcontext-命令的常用选项">5.1.1 使用 semanage fcontext 命令和 restorecon 命令设置文件和目录的 SELinux 标签</h5>



<h5 id="内容五-设置-selinux-标签5-1-设置文件和目录-selinux-标签5-1-1-使用-semanage-fcontext-命令和-restorecon-命令设置文件和目录的-selinux-标签5-1-1-1-semanage-fcontext-命令的常用选项">5.1.1.1 semanage fcontext 命令的常用选项</h5>



<p>1) -a 添加或变更 SELinux 标签<br>2) -d 删除 SELinux 标签<br>3) -l 显示所有的 SELinux 标签<br>4) -t 指定上下文 SELinux 标签<br>5) -v 显示修改 SELinux 标签的内容<br>6) -R 递归设置 SELinux 标签<br>7) -m 变更 SELinux 标签</p>



<h5 id="5-1-1-2-使用-semanage-fcontext-命令和-restorecon-命令设置文件和目录的-selinux-标签5-1-1-2-1-使用-smanage-fcontext-命令设置-selinux-标签">5.1.1.2 使用 semanage fcontext 命令和 restorecon 命令设置文件和目录的 SELinux 标签</h5>



<h5 id="5-1-1-2-使用-semanage-fcontext-命令和-restorecon-命令设置文件和目录的-selinux-标签5-1-1-2-1-使用-smanage-fcontext-命令设置-selinux-标签">5.1.1.2.1 使用 smanage fcontext 命令设置 SELinux 标签</h5>



<pre class="wp-block-code"><code># semanage fcontext -a -t httpd_sys_content_t "/tmp(/.*)?"</code></pre>



<p>（补充：这里以将 /tmp(/.*) 的 SELinux 标签设置为 httpd_sys_content_t 为例）</p>



<p>（注意：需要单独安装 policycoreutils-python-utils 后才能使用 semanage 命令）</p>



<h5 id="5-1-1-2-2-使用-restorecon-命令修改默认上下文">5.1.1.2.2 使用 restorecon 命令修改默认上下文</h5>



<pre class="wp-block-code"><code># restorecon -Rv /tmp
Relabeled /tmp from unconfined_u:object_r:default_t:s0 to unconfined_u:object_r:httpd_sys_content_t:s0</code></pre>



<h5 id="5-1-2-使用-chcon-命令设置-selinux-标签">5.1.2 使用 chcon 命令设置 SELinux 标签</h5>



<pre class="wp-block-code"><code># chcon -t httpd_sys_content_t /tmp/*</code></pre>



<p>（补充：这里以将 /tmp/* 的 SELinux 标签设置为 httpd_sys_content_t 为例）</p>



<h4 id="5-2-设置端口-selinux">5.2 设置端口 SELinux</h4>



<pre class="wp-block-code"><code># semanage port -a -t http_port_t -p tcp 82</code></pre>



<p>（补充：这里以将 TCP 82 端口的 SELinux 标签设置为 http_port_t 为例）</p>



<p>（注意：需要单独安装 policycoreutils-python-utils 后才能使用 semanage 命令）</p>
]]></content:encoded>
					
		
		
			</item>
		<item>
		<title>[内容] Linux SELinux 布尔 （boolean） 值的设置</title>
		<link>./../../../../../../selinux-boolean/index.html</link>
		
		<dc:creator><![CDATA[Mingyu Zhu]]></dc:creator>
		<pubDate>Thu, 16 Jul 2020 11:56:09 +0000</pubDate>
				<category><![CDATA[Chinese (中文)]]></category>
		<category><![CDATA[SELinux]]></category>
		<category><![CDATA[System (系统)]]></category>
		<category><![CDATA[System File Security (系统文件安全)]]></category>
		<category><![CDATA[System Log (系统日志)]]></category>
		<category><![CDATA[System Network & System Security & System Log (系统网络 & 系统安全 & 系统日志)]]></category>
		<category><![CDATA[System Port Security (系统端口安全)]]></category>
		<category><![CDATA[System Process Security (系统进程安全)]]></category>
		<category><![CDATA[System Security (系统安全)]]></category>
		<category><![CDATA[System Security Log (系统安全日志)]]></category>
		<guid isPermaLink="false">./../../../../../../index.html?p=10063</guid>

					<description><![CDATA[内容一：开启 SELinux 布尔（boolean）值 1.1 显示当前 SELinux 状态 1.2 将 SELinux 的状态设置为 Enforcing 以开启布尔（boolean）值 1.2.1 当当前 SELinux 的状态为 Disabled 时开启布尔（boolean）值的方法 1.2.1.1 修改 SELinux 配置文件 将以下内容： 修改为： 1.2.1.2 重启系统 1.2.2 当当前 SELinux 的状态为 Perssive 时开启布尔（boolean）值的方法 （补充：系统重启后失效） 内容二：显示所有 SELinux 布尔（boolean）值 内容三：布尔（boolean）值的管理 3.1 允许某一个 SELinux 布尔（boolean）值开启 3.1.1 临时允许某一个 SELinux 布尔（boolean）值开启 3.1.1.1 临时允许某一个 SELinux 布尔（boolean）值开启的格式 或者： 3.1.1.2 临时允许某一个 SELinux 布尔（boolean）值开启的案例 &#8230; <p class="link-more"><a href="./../../../../../../selinux-boolean/index.html" class="more-link">Continue reading<span class="screen-reader-text"> "[内容] Linux SELinux 布尔 （boolean） 值的设置"</span></a></p>]]></description>
										<content:encoded><![CDATA[
<h3 id="内容一-开启-selinux-布尔-boolean-值1-1-显示当前-selinux-状态">内容一：开启 SELinux 布尔（boolean）值</h3>



<h4 id="内容一-开启-selinux-布尔-boolean-值1-1-显示当前-selinux-状态">1.1 显示当前 SELinux 状态</h4>



<pre class="wp-block-code"><code># getenforce</code></pre>



<h4 id="1-2-将-selinux-的状态设置为-enforcing-以开启布尔-boolean-值1-2-1-当当前-selinux-的状态为-disabled-时开启布尔-boolean-值的方法1-2-1-1-修改-selinux-配置文件">1.2 将 SELinux 的状态设置为 Enforcing 以开启布尔（boolean）值</h4>



<h5 id="1-2-将-selinux-的状态设置为-enforcing-以开启布尔-boolean-值1-2-1-当当前-selinux-的状态为-disabled-时开启布尔-boolean-值的方法1-2-1-1-修改-selinux-配置文件">1.2.1 当当前 SELinux 的状态为 Disabled 时开启布尔（boolean）值的方法</h5>



<h5 id="1-2-将-selinux-的状态设置为-enforcing-以开启布尔-boolean-值1-2-1-当当前-selinux-的状态为-disabled-时开启布尔-boolean-值的方法1-2-1-1-修改-selinux-配置文件">1.2.1.1 修改 SELinux 配置文件</h5>



<pre class="wp-block-code"><code># vim /etc/selinux/config</code></pre>



<p>将以下内容：</p>



<pre class="wp-block-code"><code>......
SELINUX=disabled
......</code></pre>



<p>修改为：</p>



<pre class="wp-block-code"><code>......
SELINUX=enforcing
......</code></pre>



<h5 id="1-2-1-2-重启系统">1.2.1.2 重启系统</h5>



<pre class="wp-block-code"><code># reboot</code></pre>



<h5 id="1-2-2-当当前-selinux-的状态为-perssive-时开启布尔-boolean-值的方法">1.2.2 当当前 SELinux 的状态为 Perssive 时开启布尔（boolean）值的方法</h5>



<pre class="wp-block-code"><code># setenfoce 1</code></pre>



<p>（补充：系统重启后失效）</p>



<h3 id="内容二-查看所有-selinux-布尔-boolean-值">内容二：显示所有 SELinux 布尔（boolean）值</h3>



<pre class="wp-block-code"><code># semanage boolean -l</code></pre>



<h3 id="内容三-布尔-boolean-值的管理3-1-允许某一个-selinux-布尔-boolean-值开启3-1-1-临时允许某一个-selinux-布尔-boolean-值开启3-1-1-1-临时允许某一个-selinux-布尔-boolean-值开启的格式">内容三：布尔（boolean）值的管理</h3>



<h4 id="内容三-布尔-boolean-值的管理3-1-允许某一个-selinux-布尔-boolean-值开启3-1-1-临时允许某一个-selinux-布尔-boolean-值开启3-1-1-1-临时允许某一个-selinux-布尔-boolean-值开启的格式">3.1 允许某一个 SELinux 布尔（boolean）值开启</h4>



<h5 id="内容三-布尔-boolean-值的管理3-1-允许某一个-selinux-布尔-boolean-值开启3-1-1-临时允许某一个-selinux-布尔-boolean-值开启3-1-1-1-临时允许某一个-selinux-布尔-boolean-值开启的格式">3.1.1 临时允许某一个 SELinux 布尔（boolean）值开启</h5>



<h5 id="内容三-布尔-boolean-值的管理3-1-允许某一个-selinux-布尔-boolean-值开启3-1-1-临时允许某一个-selinux-布尔-boolean-值开启3-1-1-1-临时允许某一个-selinux-布尔-boolean-值开启的格式">3.1.1.1 临时允许某一个 SELinux 布尔（boolean）值开启的格式</h5>



<pre class="wp-block-code"><code># setsebool &lt;boolean value&gt; 1</code></pre>



<p>或者：</p>



<pre class="wp-block-code"><code># setsebool &lt;boolean value&gt; on</code></pre>



<h5 id="3-1-1-2-临时允许某一个-selinux-布尔-boolean-值开启的案例">3.1.1.2 临时允许某一个 SELinux 布尔（boolean）值开启的案例</h5>



<pre class="wp-block-code"><code># setsebool httpd_can_network_connect 1</code></pre>



<p>或者：</p>



<pre class="wp-block-code"><code># setsebool httpd_can_network_connect on</code></pre>



<h5 id="3-1-2-永久允许某一个-selinux-布尔-boolean-值开启3-1-2-1-永久允许某一个-selinux-布尔-boolean-值开启的格式">3.1.2 永久允许某一个 SELinux 布尔（boolean）值开启</h5>



<h5 id="3-1-2-永久允许某一个-selinux-布尔-boolean-值开启3-1-2-1-永久允许某一个-selinux-布尔-boolean-值开启的格式">3.1.2.1 永久允许某一个 SELinux 布尔（boolean）值开启的格式</h5>



<pre class="wp-block-code"><code># setsebool -P &lt;boolean value&gt; 1</code></pre>



<p>或者：</p>



<pre class="wp-block-code"><code># setsebool -P &lt;boolean value&gt; on</code></pre>



<h5 id="3-1-2-2-永久允许某一个-selinux-布尔-boolean-值开启的案例">3.1.2.2 永久允许某一个 SELinux 布尔（boolean）值开启的案例</h5>



<pre class="wp-block-code"><code># setsebool -P httpd_can_network_connect 1</code></pre>



<p>或者：</p>



<pre class="wp-block-code"><code># setsebool -P httpd_can_network_connect on</code></pre>



<h4 id="3-2-取消某一个-selinux-布尔-boolean-值开启3-2-1-临时取消某一个-selinux-布尔-boolean-值开启3-2-1-1-临时取消某一个-selinux-布尔-boolean-值开启的格式">3.2 取消某一个 SELinux 布尔（boolean）值开启</h4>



<h5 id="3-2-取消某一个-selinux-布尔-boolean-值开启3-2-1-临时取消某一个-selinux-布尔-boolean-值开启3-2-1-1-临时取消某一个-selinux-布尔-boolean-值开启的格式">3.2.1 临时取消某一个 SELinux 布尔（boolean）值开启</h5>



<h5 id="3-2-取消某一个-selinux-布尔-boolean-值开启3-2-1-临时取消某一个-selinux-布尔-boolean-值开启3-2-1-1-临时取消某一个-selinux-布尔-boolean-值开启的格式">3.2.1.1 临时取消某一个 SELinux 布尔（boolean）值开启的格式</h5>



<pre class="wp-block-code"><code># setsebool &lt;boolean value&gt; 0</code></pre>



<p>或者：</p>



<pre class="wp-block-code"><code># setsebool &lt;boolean value&gt; off</code></pre>



<h5 id="3-2-1-2-临时取消某一个-selinux-布尔-boolean-值开启的案例">3.2.1.2 临时取消某一个 SELinux 布尔（boolean）值开启的案例</h5>



<pre class="wp-block-code"><code># setsebool httpd_can_network_connect 0</code></pre>



<p>或者：</p>



<pre class="wp-block-code"><code># setsebool httpd_can_network_connect off</code></pre>



<h5 id="3-2-2-永久取消某一个-selinux-布尔-boolean-值关闭3-2-2-1-永久取消某一个-selinux-布尔-boolean-值开启的格式">3.2.2 永久取消某一个 SELinux 布尔（boolean）值关闭</h5>



<h5 id="3-2-2-永久取消某一个-selinux-布尔-boolean-值关闭3-2-2-1-永久取消某一个-selinux-布尔-boolean-值开启的格式">3.2.2.1 永久取消某一个 SELinux 布尔（boolean）值开启的格式</h5>



<pre class="wp-block-code"><code># setsebool -P &lt;boolean value&gt; 0</code></pre>



<p>或者：</p>



<pre class="wp-block-code"><code># setsebool -P &lt;boolean value&gt; off</code></pre>



<h5 id="3-2-2-2-永久取消某一个-selinux-布尔-boolean-值开启的案例">3.2.2.2 永久取消某一个 SELinux 布尔（boolean）值开启的案例</h5>



<pre class="wp-block-code"><code># setsebool -P httpd_can_network_connect 0</code></pre>



<p>或者：</p>



<pre class="wp-block-code"><code># setsebool -P httpd_can_network_connect off</code></pre>



<p></p>
]]></content:encoded>
					
		
		
			</item>
	</channel>
</rss>
