<?xml version="1.0" encoding="UTF-8"?><rss version="2.0"
	xmlns:content="http://purl.org/rss/1.0/modules/content/"
	xmlns:wfw="http://wellformedweb.org/CommentAPI/"
	xmlns:dc="http://purl.org/dc/elements/1.1/"
	xmlns:atom="http://www.w3.org/2005/Atom"
	xmlns:sy="http://purl.org/rss/1.0/modules/syndication/"
	xmlns:slash="http://purl.org/rss/1.0/modules/slash/"
	>

<channel>
	<title>Sentimental Articles (感悟类文章) &#8211; Eternal Center</title>
	<atom:link href="./index.html" rel="self" type="application/rss+xml" />
	<link>./../../../../../index.html</link>
	<description></description>
	<lastBuildDate>Sat, 11 Jun 2022 14:53:39 +0000</lastBuildDate>
	<language>en-US</language>
	<sy:updatePeriod>
	hourly	</sy:updatePeriod>
	<sy:updateFrequency>
	1	</sy:updateFrequency>
	
	<item>
		<title>碧空之歌</title>
		<link>./../../../../../song-of-blue-sky/index.html</link>
		
		<dc:creator><![CDATA[Mingyu Zhu]]></dc:creator>
		<pubDate>Mon, 07 Oct 2019 15:12:00 +0000</pubDate>
				<category><![CDATA[Articles (文章)]]></category>
		<category><![CDATA[Chinese (中文)]]></category>
		<category><![CDATA[Creations (创作)]]></category>
		<category><![CDATA[Sentimental Articles (感悟类文章)]]></category>
		<guid isPermaLink="false">./../../../../../index.html?p=5885</guid>

					<description><![CDATA[碧蓝的天空如此清澈，一眼望去似乎就找不到任何瑕疵。但碧空下的生命却总是带着缺失而生，需要各种感情和经历将它填满才算完整。而那些带着哭啼声降临于世的生灵们，又会为自己谱写一曲怎样的永恒生命之歌？ 饥饿、自私、恐惧、怜悯、开心……每一次来自生物本能的潜意识行为和潜意识感受，一点点地组成了真实却又常被忽略的本我。 成就、事业、自我价值、性格取向、自我目标……每一次对自己的探索、认知、认同和抉择，逐渐组成了真实却又含糊不清的自我。 自由、平等、博爱、道德、信仰……个人与世界之间到底是怎样的一种关系？每次对此的理解、评判和选择，逐步形成了多种多样、概括不清并且会为此流血冲突的超我。 在自私和平等中来回冲撞遍体鳞伤的雅典人，通过民主投票的制度控制他人和自己贪得无厌的心魔。 在自由和死亡面前驻足不前的斯巴达人，依靠荣誉获得着自我认同，并最终使用生命去成就自由。 前人们沧桑背影后的五线谱如此多样，生灵们又打算用哪一种旋律创造出怎样的一首新的优美之歌，能够像亚里士多德、黑格尔的歌一样，让其他的人也会充满希望、认同和感动地轻轻跟着哼。]]></description>
										<content:encoded><![CDATA[
<p>碧蓝的天空如此清澈，一眼望去似乎就找不到任何瑕疵。但碧空下的生命却总是带着缺失而生，需要各种感情和经历将它填满才算完整。而那些带着哭啼声降临于世的生灵们，又会为自己谱写一曲怎样的永恒生命之歌？</p>



<p>饥饿、自私、恐惧、怜悯、开心……每一次来自生物本能的潜意识行为和潜意识感受，一点点地组成了真实却又常被忽略的本我。</p>



<p>成就、事业、自我价值、性格取向、自我目标……每一次对自己的探索、认知、认同和抉择，逐渐组成了真实却又含糊不清的自我。</p>



<p>自由、平等、博爱、道德、信仰……个人与世界之间到底是怎样的一种关系？每次对此的理解、评判和选择，逐步形成了多种多样、概括不清并且会为此流血冲突的超我。</p>



<p>在自私和平等中来回冲撞遍体鳞伤的雅典人，通过民主投票的制度控制他人和自己贪得无厌的心魔。</p>



<p>在自由和死亡面前驻足不前的斯巴达人，依靠荣誉获得着自我认同，并最终使用生命去成就自由。</p>



<p>前人们沧桑背影后的五线谱如此多样，生灵们又打算用哪一种旋律创造出怎样的一首新的优美之歌，能够像亚里士多德、黑格尔的歌一样，让其他的人也会充满希望、认同和感动地轻轻跟着哼。</p>
]]></content:encoded>
					
		
		
			</item>
	</channel>
</rss>
