<?xml version="1.0" encoding="UTF-8"?><rss version="2.0"
	xmlns:content="http://purl.org/rss/1.0/modules/content/"
	xmlns:dc="http://purl.org/dc/elements/1.1/"
	xmlns:atom="http://www.w3.org/2005/Atom"
	xmlns:sy="http://purl.org/rss/1.0/modules/syndication/"
	
	>
<channel>
	<title>
	Comments on: Linux 防范黑客入侵的思路	</title>
	<atom:link href="./index.html" rel="self" type="application/rss+xml" />
	<link>./../index.html</link>
	<description></description>
	<lastBuildDate>Fri, 30 Sep 2022 05:52:50 +0000</lastBuildDate>
	<sy:updatePeriod>
	hourly	</sy:updatePeriod>
	<sy:updateFrequency>
	1	</sy:updateFrequency>
	
</channel>
</rss>
