<?xml version="1.0" encoding="UTF-8"?><rss version="2.0"
	xmlns:content="http://purl.org/rss/1.0/modules/content/"
	xmlns:wfw="http://wellformedweb.org/CommentAPI/"
	xmlns:dc="http://purl.org/dc/elements/1.1/"
	xmlns:atom="http://www.w3.org/2005/Atom"
	xmlns:sy="http://purl.org/rss/1.0/modules/syndication/"
	xmlns:slash="http://purl.org/rss/1.0/modules/slash/"
	>

<channel>
	<title>Historical Essays (历史类随笔) &#8211; Eternal Center</title>
	<atom:link href="./index.html" rel="self" type="application/rss+xml" />
	<link>./../../../../../index.html</link>
	<description></description>
	<lastBuildDate>Sat, 09 Jul 2022 16:09:48 +0000</lastBuildDate>
	<language>en-US</language>
	<sy:updatePeriod>
	hourly	</sy:updatePeriod>
	<sy:updateFrequency>
	1	</sy:updateFrequency>
	
	<item>
		<title>随笔 13</title>
		<link>./../../../../../informal-13/index.html</link>
		
		<dc:creator><![CDATA[Mingyu Zhu]]></dc:creator>
		<pubDate>Thu, 27 May 2021 13:55:15 +0000</pubDate>
				<category><![CDATA[Chinese (中文)]]></category>
		<category><![CDATA[Creations (创作)]]></category>
		<category><![CDATA[Historical Essays (历史类随笔)]]></category>
		<category><![CDATA[Informal Essays (随笔)]]></category>
		<category><![CDATA[Summary Essays (总结类随笔)]]></category>
		<guid isPermaLink="false">./../../../../../index.html?p=14435</guid>

					<description><![CDATA[我从历史中，比较有感触的一点是：人类明知道自己的结局终是死亡，但是依旧能对很多事物和事情，充满难以想象的热情、喜悦和执着。于是，我理解，生命的本质，就是尽量开心和充实地过好每一天，并最终将它们汇聚成某些能够指引后世的成就。祝大家心中，都有认为值得自己去劳动的人和事！]]></description>
										<content:encoded><![CDATA[
<p>我从历史中，比较有感触的一点是：人类明知道自己的结局终是死亡，但是依旧能对很多事物和事情，充满难以想象的热情、喜悦和执着。于是，我理解，生命的本质，就是尽量开心和充实地过好每一天，并最终将它们汇聚成某些能够指引后世的成就。祝大家心中，都有认为值得自己去劳动的人和事！</p>
]]></content:encoded>
					
		
		
			</item>
		<item>
		<title>随笔 12</title>
		<link>./../../../../../informal-12/index.html</link>
		
		<dc:creator><![CDATA[Mingyu Zhu]]></dc:creator>
		<pubDate>Thu, 27 May 2021 13:52:56 +0000</pubDate>
				<category><![CDATA[Chinese (中文)]]></category>
		<category><![CDATA[Creations (创作)]]></category>
		<category><![CDATA[Historical Essays (历史类随笔)]]></category>
		<category><![CDATA[Informal Essays (随笔)]]></category>
		<guid isPermaLink="false">./../../../../../index.html?p=14433</guid>

					<description><![CDATA[热爱过去，憧憬未来那些因极具逻辑说服力的思想而使人们信仰高尚品质的时代那些因奇迹般的科技而让世人们对未来充满无限期待和崇拜的时代都将让未来的时代，更像是会无限可能]]></description>
										<content:encoded><![CDATA[
<p>热爱过去，憧憬未来<br>那些因极具逻辑说服力的思想而使人们信仰高尚品质的时代<br>那些因奇迹般的科技而让世人们对未来充满无限期待和崇拜的时代<br>都将让未来的时代，更像是会无限可能</p>
]]></content:encoded>
					
		
		
			</item>
		<item>
		<title>随笔 7</title>
		<link>./../../../../../informal-7/index.html</link>
		
		<dc:creator><![CDATA[Mingyu Zhu]]></dc:creator>
		<pubDate>Fri, 23 Oct 2020 13:44:23 +0000</pubDate>
				<category><![CDATA[Chinese (中文)]]></category>
		<category><![CDATA[Creations (创作)]]></category>
		<category><![CDATA[Historical Essays (历史类随笔)]]></category>
		<category><![CDATA[Informal Essays (随笔)]]></category>
		<guid isPermaLink="false">./../../../../../index.html?p=11595</guid>

					<description><![CDATA[从现代教育被发明以来，欧洲很多君主都清楚地意识到了教育的重要性。但在推行教育时，却又都遇到了严重的矛盾，君主的统治根基在于不平等地压迫。而让每个人都平等地接受教育，这似乎触犯了统治阶级的特权利益（至少表面上看是这样）。最终，不少君主在国民教育上的努力，变成了极少数贵族才能受益的精英教育。这些集中全部教育资源去服务所谓的优越阶级的国家，都慢慢输给了将全部教育资源尽可能分配给每一位公民的国家。]]></description>
										<content:encoded><![CDATA[
<p>从现代教育被发明以来，欧洲很多君主都清楚地意识到了教育的重要性。但在推行教育时，却又都遇到了严重的矛盾，君主的统治根基在于不平等地压迫。而让每个人都平等地接受教育，这似乎触犯了统治阶级的特权利益（至少表面上看是这样）。最终，不少君主在国民教育上的努力，变成了极少数贵族才能受益的精英教育。这些集中全部教育资源去服务所谓的优越阶级的国家，都慢慢输给了将全部教育资源尽可能分配给每一位公民的国家。</p>
]]></content:encoded>
					
		
		
			</item>
		<item>
		<title>随笔 3</title>
		<link>./../../../../../informal-3/index.html</link>
		
		<dc:creator><![CDATA[Mingyu Zhu]]></dc:creator>
		<pubDate>Sat, 04 May 2019 14:59:54 +0000</pubDate>
				<category><![CDATA[Chinese (中文)]]></category>
		<category><![CDATA[Creations (创作)]]></category>
		<category><![CDATA[Historical Essays (历史类随笔)]]></category>
		<category><![CDATA[Informal Essays (随笔)]]></category>
		<guid isPermaLink="false">./../../../../../index.html?p=4646</guid>

					<description><![CDATA[倾听着缓慢熟悉的歌曲，优雅旋律的无意触碰，让心灵归于宁静。记忆中的梦境，历史中的幻影。被社会思潮不停重塑的文明，在人性矛盾不断自我辨证的激流中，被翻来覆去。朦胧的海市蜃楼给予人们美好的希望但也许暗藏杀机，星空的画面表面五彩艳丽但可能更为致命。人们最独一无二的灵魂，要多顽强才能始终保持住自我的鲜明。逆向而行扑向光明的李斯特，一路泥泞始终坚持这份独行。在凄冷混沌之夜与撒旦对话的尼采，拒绝命运的洪流在疯狂之中奋起反击。湮灭家园宁静的战争，点燃了圣女贞德稚嫩眼眸中的火焰，正是因为相互纠缠着的各种爱，人类才创造出了历史，让这位女孩去成为神话，让这位女孩追寻“自由的圣经”。]]></description>
										<content:encoded><![CDATA[
<p>倾听着缓慢熟悉的歌曲，优雅旋律的无意触碰，让心灵归于宁静。记忆中的梦境，历史中的幻影。被社会思潮不停重塑的文明，在人性矛盾不断自我辨证的激流中，被翻来覆去。朦胧的海市蜃楼给予人们美好的希望但也许暗藏杀机，星空的画面表面五彩艳丽但可能更为致命。人们最独一无二的灵魂，要多顽强才能始终保持住自我的鲜明。逆向而行扑向光明的李斯特，一路泥泞始终坚持这份独行。在凄冷混沌之夜与撒旦对话的尼采，拒绝命运的洪流在疯狂之中奋起反击。湮灭家园宁静的战争，点燃了圣女贞德稚嫩眼眸中的火焰，正是因为相互纠缠着的各种爱，人类才创造出了历史，让这位女孩去成为神话，让这位女孩追寻“自由的圣经”。</p>
]]></content:encoded>
					
		
		
			</item>
		<item>
		<title>随笔 2</title>
		<link>./../../../../../informal-2/index.html</link>
		
		<dc:creator><![CDATA[Mingyu Zhu]]></dc:creator>
		<pubDate>Tue, 15 Jan 2019 15:04:17 +0000</pubDate>
				<category><![CDATA[Chinese (中文)]]></category>
		<category><![CDATA[Creations (创作)]]></category>
		<category><![CDATA[Historical Essays (历史类随笔)]]></category>
		<category><![CDATA[Informal Essays (随笔)]]></category>
		<guid isPermaLink="false">./../../../../../index.html?p=1207</guid>

					<description><![CDATA[日本民治维新初期，虽然工业、商业、科技为日本带来了巨大的社会财富。但是日本社会的价值观，依旧是权力至上的官本位人治主义思想。此时，处于日本官场权力中心的涩泽荣一，为了彻底改变日本社会落后的价值观，选择了弃官从商，这一举动给日本社会的主流思想带来了巨大变动，让日本人的内心深处，产生了藐视权贵的启蒙。他似乎标志着，日本人治时代的结束，从此日本将踏入民主时代，主导社会方向的将不再是权力，而是科技和实干。而正式这两样东西，让日本成为了亚洲的例外，唯一一个跻身世界列强的非白种人国家。]]></description>
										<content:encoded><![CDATA[
<p>日本民治维新初期，虽然工业、商业、科技为日本带来了巨大的社会财富。但是日本社会的价值观，依旧是权力至上的官本位人治主义思想。此时，处于日本官场权力中心的涩泽荣一，为了彻底改变日本社会落后的价值观，选择了弃官从商，这一举动给日本社会的主流思想带来了巨大变动，让日本人的内心深处，产生了藐视权贵的启蒙。他似乎标志着，日本人治时代的结束，从此日本将踏入民主时代，主导社会方向的将不再是权力，而是科技和实干。而正式这两样东西，让日本成为了亚洲的例外，唯一一个跻身世界列强的非白种人国家。</p>
]]></content:encoded>
					
		
		
			</item>
	</channel>
</rss>
