<?xml version="1.0" encoding="UTF-8"?><rss version="2.0"
	xmlns:content="http://purl.org/rss/1.0/modules/content/"
	xmlns:wfw="http://wellformedweb.org/CommentAPI/"
	xmlns:dc="http://purl.org/dc/elements/1.1/"
	xmlns:atom="http://www.w3.org/2005/Atom"
	xmlns:sy="http://purl.org/rss/1.0/modules/syndication/"
	xmlns:slash="http://purl.org/rss/1.0/modules/slash/"
	>

<channel>
	<title>Writers (作家) &#8211; Eternal Center</title>
	<atom:link href="./index.html" rel="self" type="application/rss+xml" />
	<link>./../../../../../../index.html</link>
	<description></description>
	<lastBuildDate>Sat, 11 Jun 2022 15:02:46 +0000</lastBuildDate>
	<language>en-US</language>
	<sy:updatePeriod>
	hourly	</sy:updatePeriod>
	<sy:updateFrequency>
	1	</sy:updateFrequency>
	
	<item>
		<title>Lev Nikolayevich Tolstoy (列夫·尼古拉耶维奇·托尔斯泰):</title>
		<link>./../../../../../../lev-nikolayevich-tolstoy-1/index.html</link>
		
		<dc:creator><![CDATA[Mingyu Zhu]]></dc:creator>
		<pubDate>Thu, 24 Jan 2019 15:36:26 +0000</pubDate>
				<category><![CDATA[Chinese (中文)]]></category>
		<category><![CDATA[Classics (经典)]]></category>
		<category><![CDATA[English (英文)]]></category>
		<category><![CDATA[Famous Sayings (名言)]]></category>
		<category><![CDATA[Famous Sayings & Paragraphs (名言 & 段落)]]></category>
		<category><![CDATA[Lev Nikolayevich Tolstoy (列夫·尼古拉耶维奇·托尔斯泰)]]></category>
		<category><![CDATA[Writers (作家)]]></category>
		<guid isPermaLink="false">./../../../../../../index.html?p=1638</guid>

					<description><![CDATA[What matters is not the quantity of knowledge, but the quality of knowledge. Some people know a lot, but don&#8217;t know the most useful thing. 重要的不是知识的数量，而是知识的质量，有些人知道很多很多，但却不知道最有用的东西。]]></description>
										<content:encoded><![CDATA[
<p>What matters is not the quantity of knowledge, but the quality of knowledge. Some people know a lot, but don&#8217;t know the most useful thing.</p>



<p>重要的不是知识的数量，而是知识的质量，有些人知道很多很多，但却不知道最有用的东西。</p>
]]></content:encoded>
					
		
		
			</item>
	</channel>
</rss>
